source,endpoint,species,system,unit,value,log10_value,SMILES,canonical_SMILES,InChIKey,DTXSID,CAS,is_PFAS,note
TDC_Hepatocyte_AZ,in_vitro_CLint,human,hepatocyte,µL/min/10^6 cells,3.0,0.47712125471966244,Cc1c(C(=O)NC2C3CC4CC(C3)CC2C4)cnn1-c1ccc(C(=O)O)cc1,Cc1c(C(=O)NC2C3CC4CC(C3)CC2C4)cnn1-c1ccc(C(=O)O)cc1,GUGRIDDHBAACKA-UHFFFAOYSA-N,,,False,
TDC_Hepatocyte_AZ,in_vitro_CLint,human,hepatocyte,µL/min/10^6 cells,3.0,0.47712125471966244,C[C@@](CCc1ccc(-c2ccc(Cl)cc2)cc1)(C(=O)NO)S(C)(=O)=O,C[C@@](CCc1ccc(-c2ccc(Cl)cc2)cc1)(C(=O)NO)S(C)(=O)=O,HRELUEGGLLSMRX-GOSISDBHSA-N,,,False,
TDC_Hepatocyte_AZ,in_vitro_CLint,human,hepatocyte,µL/min/10^6 cells,3.0,0.47712125471966244,O=CNc1cc([C@@H](O)CNCCc2ccc(NC[C@H](O)c3ccccc3)cc2)ccc1O,O=CNc1cc([C@@H](O)CNCCc2ccc(NC[C@H](O)c3ccccc3)cc2)ccc1O,BMKINZUHKYLSKI-DQEYMECFSA-N,,,False,
TDC_Hepatocyte_AZ,in_vitro_CLint,human,hepatocyte,µL/min/10^6 cells,13.49,1.1300119496719043,Cc1cc(CCCOc2c(C)cc(-c3noc(C(F)(F)F)n3)cc2C)on1,Cc1cc(CCCOc2c(C)cc(-c3noc(C(F)(F)F)n3)cc2C)on1,KQOXLKOJHVFTRN-UHFFFAOYSA-N,,,True,
TDC_Hepatocyte_AZ,in_vitro_CLint,human,hepatocyte,µL/min/10^6 cells,64.57,1.8100307864058394,C[C@@H](c1ccc(-c2ccc(F)cc2F)cc1)N1CC[C@@](CCO)(c2ccc(F)cc2)OC1=O,C[C@@H](c1ccc(-c2ccc(F)cc2F)cc1)N1CC[C@@](CCO)(c2ccc(F)cc2)OC1=O,SLSMHOGJKAPYQU-MRDQGFSESA-N,,,True,
TDC_Hepatocyte_AZ,in_vitro_CLint,human,hepatocyte,µL/min/10^6 cells,8.71,0.9400181550076633,C[C@H]1Cc2c([nH]c3cc(Cl)c(F)cc23)[C@@]2(N1)C(=O)Nc1ccc(Cl)cc12,C[C@H]1Cc2c([nH]c3cc(Cl)c(F)cc23)[C@@]2(N1)C(=O)Nc1ccc(Cl)cc12,CKLPLPZSUQEDRT-WPCRTTGESA-N,,,False,
TDC_Hepatocyte_AZ,in_vitro_CLint,human,hepatocyte,µL/min/10^6 cells,3.0,0.47712125471966244,O=C(O)COc1ccc(Cl)cc1CN1CCN(S(=O)(=O)c2ccccc2)CC1,O=C(O)COc1ccc(Cl)cc1CN1CCN(S(=O)(=O)c2ccccc2)CC1,VEDPQGGGGHKSLY-UHFFFAOYSA-N,,,False,
TDC_Hepatocyte_AZ,in_vitro_CLint,human,hepatocyte,µL/min/10^6 cells,7.0,0.8450980400142568,CC(CO)(CO)Nc1nc(SCc2cccc(F)c2F)nc2nc(N)sc12,CC(CO)(CO)Nc1nc(SCc2cccc(F)c2F)nc2nc(N)sc12,OPZDQVDVMCTOPA-UHFFFAOYSA-N,,,False,
TDC_Hepatocyte_AZ,in_vitro_CLint,human,hepatocyte,µL/min/10^6 cells,7.0,0.8450980400142568,O=C(O)c1cncc(-c2ccc(Cl)c(C(=O)NCC34CC5CC(CC(C5)C3)C4)c2)c1,O=C(O)c1cncc(-c2ccc(Cl)c(C(=O)NCC34CC5CC(CC(C5)C3)C4)c2)c1,BFMYHRUQBZNPNN-UHFFFAOYSA-N,,,False,
TDC_Hepatocyte_AZ,in_vitro_CLint,human,hepatocyte,µL/min/10^6 cells,8.0,0.9030899869919435,Cc1ccc(S(=O)(=O)Nc2c(C(=O)N[C@@H](C)C(C)(C)C)c(C)nn2C2CCCC2)cc1,Cc1ccc(S(=O)(=O)Nc2c(C(=O)N[C@@H](C)C(C)(C)C)c(C)nn2C2CCCC2)cc1,BFODPUUHEITNCL-KRWDZBQOSA-N,,,False,
TDC_Hepatocyte_AZ,in_vitro_CLint,human,hepatocyte,µL/min/10^6 cells,4.24,0.6273658565927327,CCS(=O)(=O)c1ccc(-c2cc(Cl)ccc2OCC(=O)O)c(F)c1,CCS(=O)(=O)c1ccc(-c2cc(Cl)ccc2OCC(=O)O)c(F)c1,MNOSYFBXUCZGCA-UHFFFAOYSA-N,,,False,
TDC_Hepatocyte_AZ,in_vitro_CLint,human,hepatocyte,µL/min/10^6 cells,67.61,1.8300109359361179,N#Cc1ccc(-c2ccc(NC(=O)Nc3ccc(-c4ccnc5[nH]cnc45)cc3)cc2)cc1,N#Cc1ccc(-c2ccc(NC(=O)Nc3ccc(-c4ccnc5[nH]cnc45)cc3)cc2)cc1,FEDMEJWMCJAMHE-UHFFFAOYSA-N,,,False,
TDC_Hepatocyte_AZ,in_vitro_CLint,human,hepatocyte,µL/min/10^6 cells,35.0,1.5440680443502757,CCN(C(=O)c1cnn(-c2ccccc2)c1NS(=O)(=O)c1ccc(-c2cnco2)cc1)C1CCCCC1,CCN(C(=O)c1cnn(-c2ccccc2)c1NS(=O)(=O)c1ccc(-c2cnco2)cc1)C1CCCCC1,RVIAYIHTJMJVOV-UHFFFAOYSA-N,,,False,
TDC_Hepatocyte_AZ,in_vitro_CLint,human,hepatocyte,µL/min/10^6 cells,3.0,0.47712125471966244,O=C(O)COc1ccc(C(F)(F)F)cc1CN1CCN(S(=O)(=O)c2ccccc2)CC1,O=C(O)COc1ccc(C(F)(F)F)cc1CN1CCN(S(=O)(=O)c2ccccc2)CC1,MNRULTNYMVKEMA-UHFFFAOYSA-N,,,True,
TDC_Hepatocyte_AZ,in_vitro_CLint,human,hepatocyte,µL/min/10^6 cells,8.51,0.9299295600845878,Cc1cnc(Nc2ccc(F)cc2Cl)nc1-c1c[nH]c(C(=O)N[C@H](CO)c2cccc(Cl)c2)c1,Cc1cnc(Nc2ccc(F)cc2Cl)nc1-c1c[nH]c(C(=O)N[C@H](CO)c2cccc(Cl)c2)c1,WUTVMXLIGHTZJC-OAQYLSRUSA-N,,,False,
TDC_Hepatocyte_AZ,in_vitro_CLint,human,hepatocyte,µL/min/10^6 cells,8.51,0.9299295600845878,O=C1Nc2ccc(Cl)cc2C(c2ccccc2)=NC1O,O=C1Nc2ccc(Cl)cc2C(c2ccccc2)=NC1O,ADIMAYPTOBDMTL-UHFFFAOYSA-N,,,False,
TDC_Hepatocyte_AZ,in_vitro_CLint,human,hepatocyte,µL/min/10^6 cells,9.0,0.9542425094393249,O=C(O)COc1ccc(Cl)cc1CN1CCN(S(=O)(=O)Cc2ccccc2)CC1,O=C(O)COc1ccc(Cl)cc1CN1CCN(S(=O)(=O)Cc2ccccc2)CC1,JBBOMVFXXYZQQP-UHFFFAOYSA-N,,,False,
TDC_Hepatocyte_AZ,in_vitro_CLint,human,hepatocyte,µL/min/10^6 cells,9.33,0.9698816437465,O=C(O)c1ccc(-n2nc(C(F)(F)F)cc2-c2ccc(C(F)(F)F)cc2)cc1,O=C(O)c1ccc(-n2nc(C(F)(F)F)cc2-c2ccc(C(F)(F)F)cc2)cc1,GJZIVJMLRFXUOQ-UHFFFAOYSA-N,,,True,
TDC_Hepatocyte_AZ,in_vitro_CLint,human,hepatocyte,µL/min/10^6 cells,84.0,1.9242792860618816,Cc1ccc(/C(=C\CN2CCCC2)c2ccccn2)cc1,Cc1ccc(/C(=C\CN2CCCC2)c2ccccn2)cc1,CBEQULMOCCWAQT-WOJGMQOQSA-N,,,False,
TDC_Hepatocyte_AZ,in_vitro_CLint,human,hepatocyte,µL/min/10^6 cells,87.1,1.9400181550076632,CCN1CCN(c2ccc(Nc3cc(N(C)C(=O)Nc4c(Cl)c(OC)cc(OC)c4Cl)ncn3)cc2)CC1,CCN1CCN(c2ccc(Nc3cc(N(C)C(=O)Nc4c(Cl)c(OC)cc(OC)c4Cl)ncn3)cc2)CC1,QADPYRIHXKWUSV-UHFFFAOYSA-N,,,False,
TDC_Hepatocyte_AZ,in_vitro_CLint,human,hepatocyte,µL/min/10^6 cells,87.1,1.9400181550076632,O=C(O)Cc1ccccc1Nc1c(Cl)cccc1Cl,O=C(O)Cc1ccccc1Nc1c(Cl)cccc1Cl,DCOPUUMXTXDBNB-UHFFFAOYSA-N,,,False,
TDC_Hepatocyte_AZ,in_vitro_CLint,human,hepatocyte,µL/min/10^6 cells,98.0,1.9912260756924949,O=C(NCCCCCCNCCc1ccc(O)c2nc(O)sc12)Nc1ccccc1,O=C(NCCCCCCNCCc1ccc(O)c2nc(O)sc12)Nc1ccccc1,HFZQHWABRPOZHE-UHFFFAOYSA-N,,,False,
TDC_Hepatocyte_AZ,in_vitro_CLint,human,hepatocyte,µL/min/10^6 cells,102.33,2.0100029741270595,CCc1nc2cc(O)ccc2c(Oc2ccc(/C=C/C(=O)O)cc2)c1-c1ccccc1,CCc1nc2cc(O)ccc2c(Oc2ccc(/C=C/C(=O)O)cc2)c1-c1ccccc1,XOLNOXKBNUFEQH-XNTDXEJSSA-N,,,False,
TDC_Hepatocyte_AZ,in_vitro_CLint,human,hepatocyte,µL/min/10^6 cells,105.0,2.0211892990699383,CS(=O)(=O)Nc1ccc(CCOCCCS(=O)(=O)CCNCCc2ccc(O)c3nc(O)sc23)cc1,CS(=O)(=O)Nc1ccc(CCOCCCS(=O)(=O)CCNCCc2ccc(O)c3nc(O)sc23)cc1,MAAOWWNLDLETQH-UHFFFAOYSA-N,,,False,
TDC_Hepatocyte_AZ,in_vitro_CLint,human,hepatocyte,µL/min/10^6 cells,123.03,2.090011024007147,Cc1ccccc1-c1c(C(=O)O)n(CCCOc2cccc3ccccc23)c2ccccc12,Cc1ccccc1-c1c(C(=O)O)n(CCCOc2cccc3ccccc23)c2ccccc12,STISJUSFFZAZMP-UHFFFAOYSA-N,,,False,
TDC_Hepatocyte_AZ,in_vitro_CLint,human,hepatocyte,µL/min/10^6 cells,125.0,2.0969100130080562,COCCOc1nc(N)c2[nH]c(=O)n(Cc3cccc(CC(=O)OC)c3)c2n1,COCCOc1nc(N)c2[nH]c(=O)n(Cc3cccc(CC(=O)OC)c3)c2n1,UICNECIXFRNYJM-UHFFFAOYSA-N,,,False,
TDC_Hepatocyte_AZ,in_vitro_CLint,human,hepatocyte,µL/min/10^6 cells,3.0,0.47712125471966244,O=C(Nc1ccc(N2CCNCC2)cc1)c1ccc(-c2ccc(Cl)cc2)o1,O=C(Nc1ccc(N2CCNCC2)cc1)c1ccc(-c2ccc(Cl)cc2)o1,CAIGVNVLJGDZSF-UHFFFAOYSA-N,,,False,
TDC_Hepatocyte_AZ,in_vitro_CLint,human,hepatocyte,µL/min/10^6 cells,3.0,0.47712125471966244,Cc1cc(OC2CCN(CC3CCN([C@@](C)(Cc4ccc(F)cc4)C(=O)O)CC3)CC2)ccc1Cl,Cc1cc(OC2CCN(CC3CCN([C@@](C)(Cc4ccc(F)cc4)C(=O)O)CC3)CC2)ccc1Cl,LEHDCEDFGAFVGX-NDEPHWFRSA-N,,,False,
TDC_Hepatocyte_AZ,in_vitro_CLint,human,hepatocyte,µL/min/10^6 cells,13.8,1.1398790864012365,O=C(O)CCc1ccc(OCc2cc(Cl)ccc2-c2ccccc2)cc1,O=C(O)CCc1ccc(OCc2cc(Cl)ccc2-c2ccccc2)cc1,WROWNDRSPMCZLY-UHFFFAOYSA-N,,,False,
TDC_Hepatocyte_AZ,in_vitro_CLint,human,hepatocyte,µL/min/10^6 cells,3.31,0.5198279937757188,C=CC(=O)Nc1cccc(Oc2nc(Nc3ccc(N4CCN(C)CC4)cc3OC)ncc2Cl)c1,C=CC(=O)Nc1cccc(Oc2nc(Nc3ccc(N4CCN(C)CC4)cc3OC)ncc2Cl)c1,ITTRLTNMFYIYPA-UHFFFAOYSA-N,,,False,
TDC_Hepatocyte_AZ,in_vitro_CLint,human,hepatocyte,µL/min/10^6 cells,3.98,0.5998830720736879,CCCc1nc2c(C)cc(-c3nc4ccccc4n3C)cc2n1Cc1ccc(-c2ccccc2C(=O)O)cc1,CCCc1nc2c(C)cc(-c3nc4ccccc4n3C)cc2n1Cc1ccc(-c2ccccc2C(=O)O)cc1,RMMXLENWKUUMAY-UHFFFAOYSA-N,,,False,
TDC_Hepatocyte_AZ,in_vitro_CLint,human,hepatocyte,µL/min/10^6 cells,3.0,0.47712125471966244,N#Cc1cccc(-c2cc(C(F)(F)F)ccc2OCC(=O)O)c1,N#Cc1cccc(-c2cc(C(F)(F)F)ccc2OCC(=O)O)c1,YQPVFQSSUIRJBC-UHFFFAOYSA-N,,,True,
TDC_Hepatocyte_AZ,in_vitro_CLint,human,hepatocyte,µL/min/10^6 cells,35.48,1.5499836111596887,CCOc1ccc2ccc(=O)oc2c1,CCOc1ccc2ccc(=O)oc2c1,LIFAQMGORKPVDH-UHFFFAOYSA-N,,,False,
TDC_Hepatocyte_AZ,in_vitro_CLint,human,hepatocyte,µL/min/10^6 cells,29.51,1.4699692094999595,Nc1nc2ccc(-c3ccncc3)cc2s1,Nc1nc2ccc(-c3ccncc3)cc2s1,JDPMTRLFCSHYGB-UHFFFAOYSA-N,,,False,
TDC_Hepatocyte_AZ,in_vitro_CLint,human,hepatocyte,µL/min/10^6 cells,33.88,1.5299434016586693,CCNC(=O)OC1CCN(c2nncc3cc(OC)c(OC)cc23)CC1,CCNC(=O)OC1CCN(c2nncc3cc(OC)c(OC)cc23)CC1,QJGVXJYGDBSPSJ-UHFFFAOYSA-N,,,False,
TDC_Hepatocyte_AZ,in_vitro_CLint,human,hepatocyte,µL/min/10^6 cells,35.48,1.5499836111596887,COc1cc2c(ccc(=O)n2CCN2CCC(NCc3cc4c(cn3)OCCO4)CC2)cn1,COc1cc2c(ccc(=O)n2CCN2CCC(NCc3cc4c(cn3)OCCO4)CC2)cn1,HPIXUGIAVZJDSY-UHFFFAOYSA-N,,,False,
TDC_Hepatocyte_AZ,in_vitro_CLint,human,hepatocyte,µL/min/10^6 cells,14.79,1.1699681739968923,COc1c(C)c2c(c(O)c1C/C=C(\C)CCC(=O)O)C(=O)OC2,COc1c(C)c2c(c(O)c1C/C=C(\C)CCC(=O)O)C(=O)OC2,HPNSFSBZBAHARI-RUDMXATFSA-N,,,False,
TDC_Hepatocyte_AZ,in_vitro_CLint,human,hepatocyte,µL/min/10^6 cells,150.0,2.1760912590556813,O=C(Nc1ccccc1Cl)c1cc[nH]n1,O=C(Nc1ccccc1Cl)c1cc[nH]n1,XGZGGDFTPYYPMV-UHFFFAOYSA-N,,,False,
TDC_Hepatocyte_AZ,in_vitro_CLint,human,hepatocyte,µL/min/10^6 cells,150.0,2.1760912590556813,Cc1ccc(CCNC(=O)c2ccc3sc(CO)nc3c2)cc1,Cc1ccc(CCNC(=O)c2ccc3sc(CO)nc3c2)cc1,FRARKFJBABSJRI-UHFFFAOYSA-N,,,False,
TDC_Hepatocyte_AZ,in_vitro_CLint,human,hepatocyte,µL/min/10^6 cells,150.0,2.1760912590556813,COc1cccc(Nc2nc(NCC3CCCO3)c3ccccc3n2)c1,COc1cccc(Nc2nc(NCC3CCCO3)c3ccccc3n2)c1,FBWZAFQEOKNGQL-UHFFFAOYSA-N,,,False,
TDC_Hepatocyte_AZ,in_vitro_CLint,human,hepatocyte,µL/min/10^6 cells,150.0,2.1760912590556813,Cc1c(C)c2c(c(C)c1O)CCC(C)(COc1ccc(CC3SC(=O)NC3=O)cc1)O2,Cc1c(C)c2c(c(C)c1O)CCC(C)(COc1ccc(CC3SC(=O)NC3=O)cc1)O2,GXPHKUHSUJUWKP-UHFFFAOYSA-N,,,False,
TDC_Hepatocyte_AZ,in_vitro_CLint,human,hepatocyte,µL/min/10^6 cells,150.0,2.1760912590556813,CCn1c(SCC(=O)Nc2cc(C)on2)nnc1-c1ccccc1,CCn1c(SCC(=O)Nc2cc(C)on2)nnc1-c1ccccc1,LPZYCRFRHGYMOO-UHFFFAOYSA-N,,,False,
TDC_Hepatocyte_AZ,in_vitro_CLint,human,hepatocyte,µL/min/10^6 cells,8.91,0.9498777040368748,CN(C)N(C)C(=O)[C@@]1(Cc2ccccc2)CCCN(C(=O)[C@@H](Cc2c[nH]c3ccccc23)NC(=O)C(C)(C)N)C1,CN(C)N(C)C(=O)[C@@]1(Cc2ccccc2)CCCN(C(=O)[C@@H](Cc2c[nH]c3ccccc23)NC(=O)C(C)(C)N)C1,VQPFSIRUEPQQPP-MXBOTTGLSA-N,,,False,
TDC_Hepatocyte_AZ,in_vitro_CLint,human,hepatocyte,µL/min/10^6 cells,10.0,1.0,Cc1ccc(S(=O)(=O)Nc2c(C(=O)N[C@@H](C)C(C)(C)C)c(C)nn2C(C)C)cc1,Cc1ccc(S(=O)(=O)Nc2c(C(=O)N[C@@H](C)C(C)(C)C)c(C)nn2C(C)C)cc1,XEBJWAMHNOGVTM-INIZCTEOSA-N,,,False,
TDC_Hepatocyte_AZ,in_vitro_CLint,human,hepatocyte,µL/min/10^6 cells,10.0,1.0,C[C@H]1COCCN1c1nc(N2CCOC[C@@H]2C)c2ccc(-c3cccc(C(=O)NCCO)c3)nc2n1,C[C@H]1COCCN1c1nc(N2CCOC[C@@H]2C)c2ccc(-c3cccc(C(=O)NCCO)c3)nc2n1,OMMTWAGHTAHDIF-ROUUACIJSA-N,,,False,
TDC_Hepatocyte_AZ,in_vitro_CLint,human,hepatocyte,µL/min/10^6 cells,150.0,2.1760912590556813,CN1CCN(C2=Nc3cc(Cl)ccc3Nc3ccccc32)CC1,CN1CCN(C2=Nc3cc(Cl)ccc3Nc3ccccc32)CC1,QZUDBNBUXVUHMW-UHFFFAOYSA-N,,,False,
TDC_Hepatocyte_AZ,in_vitro_CLint,human,hepatocyte,µL/min/10^6 cells,150.0,2.1760912590556813,O=C(Nc1cccc(Cl)c1)c1ccccn1,O=C(Nc1cccc(Cl)c1)c1ccccn1,SUYUTNCKIOLMAJ-UHFFFAOYSA-N,,,False,
TDC_Hepatocyte_AZ,in_vitro_CLint,human,hepatocyte,µL/min/10^6 cells,150.0,2.1760912590556813,O=C(c1csc2c1CCCC2)N1CCCCC1,O=C(c1csc2c1CCCC2)N1CCCCC1,XVYNBKCSKMXDGF-UHFFFAOYSA-N,,,False,
TDC_Hepatocyte_AZ,in_vitro_CLint,human,hepatocyte,µL/min/10^6 cells,150.0,2.1760912590556813,CCN(CC)c1ccc2cc(C(C)=O)c(=O)oc2c1,CCN(CC)c1ccc2cc(C(C)=O)c(=O)oc2c1,JQYDECSZBZCKFQ-UHFFFAOYSA-N,,,False,
TDC_Hepatocyte_AZ,in_vitro_CLint,human,hepatocyte,µL/min/10^6 cells,150.0,2.1760912590556813,Cc1ccc(NC(=O)[C@H]2CCCN2S(=O)(=O)c2cccc3cccnc23)c(C)c1,Cc1ccc(NC(=O)[C@H]2CCCN2S(=O)(=O)c2cccc3cccnc23)c(C)c1,DWDDBDJWOXJEMQ-LJQANCHMSA-N,,,False,
TDC_Hepatocyte_AZ,in_vitro_CLint,human,hepatocyte,µL/min/10^6 cells,150.0,2.1760912590556813,Cc1c(C(=O)Nc2ccccc2)sc2ncnc(O)c12,Cc1c(C(=O)Nc2ccccc2)sc2ncnc(O)c12,DYQDEFDGNZGSGE-UHFFFAOYSA-N,,,False,
TDC_Hepatocyte_AZ,in_vitro_CLint,human,hepatocyte,µL/min/10^6 cells,150.0,2.1760912590556813,CCc1cccc2c1N(C)Cc1cc3c(cc1-2)OCO3,CCc1cccc2c1N(C)Cc1cc3c(cc1-2)OCO3,FAZZYPIBZBGQSH-UHFFFAOYSA-N,,,False,
TDC_Hepatocyte_AZ,in_vitro_CLint,human,hepatocyte,µL/min/10^6 cells,150.0,2.1760912590556813,COC(=O)C1=C(C)NC(C)=C(C(=O)OCCN(C)Cc2ccccc2)C1c1cccc([N+](=O)[O-])c1,COC(=O)C1=C(C)NC(C)=C(C(=O)OCCN(C)Cc2ccccc2)C1c1cccc([N+](=O)[O-])c1,ZBBHBTPTTSWHBA-UHFFFAOYSA-N,,,False,
TDC_Hepatocyte_AZ,in_vitro_CLint,human,hepatocyte,µL/min/10^6 cells,8.51,0.9299295600845878,N#Cc1ccc2c(c1)N(CCN1CCC(NCc3ccc4c(n3)NC(=O)CO4)CC1)C(=O)CO2,N#Cc1ccc2c(c1)N(CCN1CCC(NCc3ccc4c(n3)NC(=O)CO4)CC1)C(=O)CO2,ILRMRAZASPTXGW-UHFFFAOYSA-N,,,False,
TDC_Hepatocyte_AZ,in_vitro_CLint,human,hepatocyte,µL/min/10^6 cells,9.77,0.989894563718773,Cc1ccc2[nH]c(C(=O)O)nc2c1,Cc1ccc2[nH]c(C(=O)O)nc2c1,ZCDFRCAJGXZHBJ-UHFFFAOYSA-N,,,False,
TDC_Hepatocyte_AZ,in_vitro_CLint,human,hepatocyte,µL/min/10^6 cells,66.07,1.8200043068083178,Cc1ccc(C)c(OCCCC(C)(C)C(=O)O)c1,Cc1ccc(C)c(OCCCC(C)(C)C(=O)O)c1,HEMJJKBWTPKOJG-UHFFFAOYSA-N,,,False,
TDC_Hepatocyte_AZ,in_vitro_CLint,human,hepatocyte,µL/min/10^6 cells,12.0,1.0791812460476249,Cc1nn(-c2ccc(F)cc2)c(NS(=O)(=O)c2cccnc2)c1C(=O)N[C@@H](C)C(C)(C)C,Cc1nn(-c2ccc(F)cc2)c(NS(=O)(=O)c2cccnc2)c1C(=O)N[C@@H](C)C(C)(C)C,WJHDCBQZDWBYKV-HNNXBMFYSA-N,,,False,
TDC_Hepatocyte_AZ,in_vitro_CLint,human,hepatocyte,µL/min/10^6 cells,3.0,0.47712125471966244,Cc1ccc(S(=O)(=O)Nc2c(C(=O)N[C@@H](C)C(C)(C)C)c(C)nn2C(C)C)cc1,Cc1ccc(S(=O)(=O)Nc2c(C(=O)N[C@@H](C)C(C)(C)C)c(C)nn2C(C)C)cc1,XEBJWAMHNOGVTM-INIZCTEOSA-N,,,False,
TDC_Hepatocyte_AZ,in_vitro_CLint,human,hepatocyte,µL/min/10^6 cells,3.0,0.47712125471966244,O=c1[nH]c2c(O)ccc([C@@H](O)CNCCc3cccc(CNCCc4ccccc4F)c3)c2s1,O=c1[nH]c2c(O)ccc([C@@H](O)CNCCc3cccc(CNCCc4ccccc4F)c3)c2s1,HIBBORWAHJKGBI-QHCPKHFHSA-N,,,False,
TDC_Hepatocyte_AZ,in_vitro_CLint,human,hepatocyte,µL/min/10^6 cells,12.02,1.0799044676667207,CCOc1ccc2nc(N)sc2c1,CCOc1ccc2nc(N)sc2c1,KOYJWFGMEBETBU-UHFFFAOYSA-N,,,False,
TDC_Hepatocyte_AZ,in_vitro_CLint,human,hepatocyte,µL/min/10^6 cells,12.88,1.1099158630237933,COc1ccc(CC(=O)Nc2nc3ccccc3[nH]2)cc1,COc1ccc(CC(=O)Nc2nc3ccccc3[nH]2)cc1,QGSOVVRGKLPWPE-UHFFFAOYSA-N,,,False,
TDC_Hepatocyte_AZ,in_vitro_CLint,human,hepatocyte,µL/min/10^6 cells,3.0,0.47712125471966244,CS(=O)(=O)C1(c2cc(N3CCOCC3)nc(-c3cccc4[nH]ncc34)n2)CC1,CS(=O)(=O)C1(c2cc(N3CCOCC3)nc(-c3cccc4[nH]ncc34)n2)CC1,VOIVZIWKXIALNL-UHFFFAOYSA-N,,,False,
TDC_Hepatocyte_AZ,in_vitro_CLint,human,hepatocyte,µL/min/10^6 cells,13.78,1.139249217571607,Cc1c(Cl)ccc(OC2CCN(CC3CCN([C@@H](Cc4ccc(F)cc4)C(=O)O)CC3)CC2)c1Cl,Cc1c(Cl)ccc(OC2CCN(CC3CCN([C@@H](Cc4ccc(F)cc4)C(=O)O)CC3)CC2)c1Cl,SEIOTCVWLCUESB-DEOSSOPVSA-N,,,False,
TDC_Hepatocyte_AZ,in_vitro_CLint,human,hepatocyte,µL/min/10^6 cells,14.0,1.146128035678238,COc1ccc(CC(C)(C)NC[C@H](O)c2cc(O)cc3c2OCC(=O)N3)cc1,COc1ccc(CC(C)(C)NC[C@H](O)c2cc(O)cc3c2OCC(=O)N3)cc1,COUYJEVMBVSIHV-SFHVURJKSA-N,,,False,
TDC_Hepatocyte_AZ,in_vitro_CLint,human,hepatocyte,µL/min/10^6 cells,42.66,1.63002085111341,CC(=O)Nc1ccc2ccn(-c3cc(Nc4ccn(C)n4)n4ncc(C#N)c4n3)c2c1,CC(=O)Nc1ccc2ccn(-c3cc(Nc4ccn(C)n4)n4ncc(C#N)c4n3)c2c1,DDSXGXPBOKBKAJ-UHFFFAOYSA-N,,,False,
TDC_Hepatocyte_AZ,in_vitro_CLint,human,hepatocyte,µL/min/10^6 cells,43.65,1.6399842480415885,CC(C)(O)c1ccccc1CC[C@@H](SCC1(CC(=O)O)CC1)c1cccc(/C=C/c2ccc3ccc(Cl)cc3n2)c1,CC(C)(O)c1ccccc1CC[C@@H](SCC1(CC(=O)O)CC1)c1cccc(/C=C/c2ccc3ccc(Cl)cc3n2)c1,UCHDWCPVSPXUMX-TZIWLTJVSA-N,,,False,
TDC_Hepatocyte_AZ,in_vitro_CLint,human,hepatocyte,µL/min/10^6 cells,53.0,1.724275869600789,Cc1ccc(S(=O)(=O)Nc2c(C(=O)N[C@@H](C)C(C)(C)C)c(C)nn2C(C)(C)C)cc1,Cc1ccc(S(=O)(=O)Nc2c(C(=O)N[C@@H](C)C(C)(C)C)c(C)nn2C(C)(C)C)cc1,RVYSGEXWPGHSKN-INIZCTEOSA-N,,,False,
TDC_Hepatocyte_AZ,in_vitro_CLint,human,hepatocyte,µL/min/10^6 cells,10.72,1.0301947853567512,COc1ccc(-c2cc3c(C)nc(N)nc3n([C@H]3CC[C@H](OCCO)CC3)c2=O)cn1,COc1ccc(-c2cc3c(C)nc(N)nc3n([C@H]3CC[C@H](OCCO)CC3)c2=O)cn1,XDLYKKIQACFMJG-WKILWMFISA-N,,,False,
TDC_Hepatocyte_AZ,in_vitro_CLint,human,hepatocyte,µL/min/10^6 cells,3.0,0.47712125471966244,CN(C)CCNc1cc(-c2ccc(N3CCN(C)CC3)cc2)nc2ccccc12,CN(C)CCNc1cc(-c2ccc(N3CCN(C)CC3)cc2)nc2ccccc12,VLRDLNVGQBSZFM-UHFFFAOYSA-N,,,False,
TDC_Hepatocyte_AZ,in_vitro_CLint,human,hepatocyte,µL/min/10^6 cells,3.0,0.47712125471966244,Cc1oncc1C(=O)Nc1ccc(C(F)(F)F)cc1,Cc1oncc1C(=O)Nc1ccc(C(F)(F)F)cc1,VHOGYURTWQBHIL-UHFFFAOYSA-N,,,True,
TDC_Hepatocyte_AZ,in_vitro_CLint,human,hepatocyte,µL/min/10^6 cells,3.0,0.47712125471966244,Cc1c(S(=O)(=O)c2ccc(Cl)cc2)c2c(NS(C)(=O)=O)cccc2n1CC(=O)O,Cc1c(S(=O)(=O)c2ccc(Cl)cc2)c2c(NS(C)(=O)=O)cccc2n1CC(=O)O,CNMKJYVZCCEGHW-UHFFFAOYSA-N,,,False,
TDC_Hepatocyte_AZ,in_vitro_CLint,human,hepatocyte,µL/min/10^6 cells,3.0,0.47712125471966244,N#Cc1ccc(C[C@@H](C(=O)O)N2CCC(CN3CCC(Oc4ccc(Cl)c(Cl)c4)CC3)CC2)cc1,N#Cc1ccc(C[C@@H](C(=O)O)N2CCC(CN3CCC(Oc4ccc(Cl)c(Cl)c4)CC3)CC2)cc1,VNYAKKUPVDUAEG-SANMLTNESA-N,,,False,
TDC_Hepatocyte_AZ,in_vitro_CLint,human,hepatocyte,µL/min/10^6 cells,3.0,0.47712125471966244,CCS(=O)(=O)c1ccc(Oc2c(C)n(CC(=O)O)c3ccc(C(F)(F)F)cc23)cc1,CCS(=O)(=O)c1ccc(Oc2c(C)n(CC(=O)O)c3ccc(C(F)(F)F)cc23)cc1,QWEDSNMFNSHPJW-UHFFFAOYSA-N,,,True,
TDC_Hepatocyte_AZ,in_vitro_CLint,human,hepatocyte,µL/min/10^6 cells,43.43,1.637789829362229,Cc1cc(CN(CC(=O)Nc2ccc(Cl)cc2Cl)C2CCCCC2)ccc1OCC(=O)O,Cc1cc(CN(CC(=O)Nc2ccc(Cl)cc2Cl)C2CCCCC2)ccc1OCC(=O)O,YAVTYPZLGGLRSG-UHFFFAOYSA-N,,,False,
TDC_Hepatocyte_AZ,in_vitro_CLint,human,hepatocyte,µL/min/10^6 cells,50.12,1.7000110623221123,CCc1c(C(=O)C(N)=O)c2c(OCC(=O)OC)cccc2n1Cc1ccccc1,CCc1c(C(=O)C(N)=O)c2c(OCC(=O)OC)cccc2n1Cc1ccccc1,VJYDOJXJUCJUHL-UHFFFAOYSA-N,,,False,
TDC_Hepatocyte_AZ,in_vitro_CLint,human,hepatocyte,µL/min/10^6 cells,56.23,1.749968083509403,CCC(=C(c1ccc(O)cc1)c1ccc(OCCN(C)C)cc1)c1ccccc1,CCC(=C(c1ccc(O)cc1)c1ccc(OCCN(C)C)cc1)c1ccccc1,TXUZVZSFRXZGTL-UHFFFAOYSA-N,,,False,
TDC_Hepatocyte_AZ,in_vitro_CLint,human,hepatocyte,µL/min/10^6 cells,4.79,0.6803355134145632,CS(=O)(=O)c1ccc(-c2cnc(N)c(-c3ccc(C(F)(F)F)nc3)c2)cc1,CS(=O)(=O)c1ccc(-c2cnc(N)c(-c3ccc(C(F)(F)F)nc3)c2)cc1,RTJQABCNNLMCJF-UHFFFAOYSA-N,,,True,
TDC_Hepatocyte_AZ,in_vitro_CLint,human,hepatocyte,µL/min/10^6 cells,5.0,0.6989700043360189,Cc1ccc(S(=O)(=O)Nc2c(C(=O)N[C@@H](C)C(C)(C)C)c(C)nn2C2CCSCC2)cc1,Cc1ccc(S(=O)(=O)Nc2c(C(=O)N[C@@H](C)C(C)(C)C)c(C)nn2C2CCSCC2)cc1,CMBDQWHWALXRNJ-KRWDZBQOSA-N,,,False,
TDC_Hepatocyte_AZ,in_vitro_CLint,human,hepatocyte,µL/min/10^6 cells,6.0,0.7781512503836436,Cn1cc(C2=C(c3cn(C4CCN(Cc5ccccn5)CC4)c4ccccc34)C(=O)NC2=O)c2ccccc21,Cn1cc(C2=C(c3cn(C4CCN(Cc5ccccn5)CC4)c4ccccc34)C(=O)NC2=O)c2ccccc21,AXRCEOKUDYDWLF-UHFFFAOYSA-N,,,False,
TDC_Hepatocyte_AZ,in_vitro_CLint,human,hepatocyte,µL/min/10^6 cells,6.31,0.8000293592441343,CCCCNC(=O)NS(=O)(=O)c1ccc(C)cc1,CCCCNC(=O)NS(=O)(=O)c1ccc(C)cc1,JLRGJRBPOGGCBT-UHFFFAOYSA-N,,,False,
TDC_Hepatocyte_AZ,in_vitro_CLint,human,hepatocyte,µL/min/10^6 cells,6.61,0.8202014594856403,C[C@]12CC[C@H]3[C@@H](C=CC4=CC(=O)CC[C@@]43C)[C@@H]1CC[C@@]21CCC(=O)O1,C[C@]12CCC(=O)C=C1C=C[C@@H]1[C@@H]2CC[C@@]2(C)[C@H]1CC[C@@]21CCC(=O)O1,UJVLDDZCTMKXJK-WNHSNXHDSA-N,,,False,
TDC_Hepatocyte_AZ,in_vitro_CLint,human,hepatocyte,µL/min/10^6 cells,3.16,0.49968708261840383,COc1cc2nccc(Oc3ccc(NC(=O)C4(C(=O)Nc5ccc(F)cc5)CC4)cc3)c2cc1OC,COc1cc2nccc(Oc3ccc(NC(=O)C4(C(=O)Nc5ccc(F)cc5)CC4)cc3)c2cc1OC,ONIQOQHATWINJY-UHFFFAOYSA-N,,,False,
TDC_Hepatocyte_AZ,in_vitro_CLint,human,hepatocyte,µL/min/10^6 cells,3.2,0.505149978319906,COc1ccnc(CCc2nc3cc(Br)cnc3[nH]2)c1,COc1ccnc(CCc2nc3cc(Br)cnc3[nH]2)c1,NCNCDRDHFQNSFX-UHFFFAOYSA-N,,,False,
TDC_Hepatocyte_AZ,in_vitro_CLint,human,hepatocyte,µL/min/10^6 cells,3.31,0.5198279937757188,CC(C)(C)NC(=O)NCCN1CC(NC(=O)c2cc(Cl)cc(Cl)c2)C1,CC(C)(C)NC(=O)NCCN1CC(NC(=O)c2cc(Cl)cc(Cl)c2)C1,MVTQDUOTCXKWRH-UHFFFAOYSA-N,,,False,
TDC_Hepatocyte_AZ,in_vitro_CLint,human,hepatocyte,µL/min/10^6 cells,3.31,0.5198279937757188,Cn1cnc2c(-c3ccc(C4(N)CCC4)cc3)c(-c3ccccc3)ccc21,Cn1cnc2c(-c3ccc(C4(N)CCC4)cc3)c(-c3ccccc3)ccc21,KQBSFOHZTGMBMA-UHFFFAOYSA-N,,,False,
TDC_Hepatocyte_AZ,in_vitro_CLint,human,hepatocyte,µL/min/10^6 cells,3.55,0.5502283530550941,C#Cc1cccc(Nc2ncnc3cc4c(cc23)OCCOCCOCCO4)c1,C#Cc1cccc(Nc2ncnc3cc4c(cc23)OCCOCCOCCO4)c1,QQLKULDARVNMAL-UHFFFAOYSA-N,,,False,
TDC_Hepatocyte_AZ,in_vitro_CLint,human,hepatocyte,µL/min/10^6 cells,23.99,1.3800302479678306,Cc1oncc1C(=O)Nc1ccc(C(F)(F)F)cc1,Cc1oncc1C(=O)Nc1ccc(C(F)(F)F)cc1,VHOGYURTWQBHIL-UHFFFAOYSA-N,,,True,
TDC_Hepatocyte_AZ,in_vitro_CLint,human,hepatocyte,µL/min/10^6 cells,27.0,1.4313637641589874,CCC(CC)NC(=O)c1cnn(C)c1NS(=O)(=O)c1ccc(C)cc1,CCC(CC)NC(=O)c1cnn(C)c1NS(=O)(=O)c1ccc(C)cc1,OZIJOODQXPEDBJ-UHFFFAOYSA-N,,,False,
TDC_Hepatocyte_AZ,in_vitro_CLint,human,hepatocyte,µL/min/10^6 cells,67.61,1.8300109359361179,O=C(Nc1cccc(-c2nnn[nH]2)c1)c1cc(F)cc2[nH]cnc12,O=C(Nc1cccc(-c2nnn[nH]2)c1)c1cc(F)cc2[nH]cnc12,LGMSKMVKZURFLF-UHFFFAOYSA-N,,,False,
TDC_Hepatocyte_AZ,in_vitro_CLint,human,hepatocyte,µL/min/10^6 cells,87.1,1.9400181550076632,Cc1ccc2cc(C)c3nnc(SCC(=O)N4CCN(C(=O)c5ccco5)CC4)n3c2c1,Cc1ccc2cc(C)c3nnc(SCC(=O)N4CCN(C(=O)c5ccco5)CC4)n3c2c1,UZWWWGACQJEADA-UHFFFAOYSA-N,,,False,
TDC_Hepatocyte_AZ,in_vitro_CLint,human,hepatocyte,µL/min/10^6 cells,150.0,2.1760912590556813,COc1ccccc1CN1C(=O)c2ccccc2C1C(=O)NC1CCC(C)CC1,COc1ccccc1CN1C(=O)c2ccccc2C1C(=O)NC1CCC(C)CC1,PCRUOXHIZNFULE-UHFFFAOYSA-N,,,False,
TDC_Hepatocyte_AZ,in_vitro_CLint,human,hepatocyte,µL/min/10^6 cells,17.0,1.2304489213782739,Cc1ccc(S(=O)(=O)Nc2c(C(=O)NC3CCCCC3C)c(C)nn2-c2ccccc2)cc1,Cc1ccc(S(=O)(=O)Nc2c(C(=O)NC3CCCCC3C)c(C)nn2-c2ccccc2)cc1,JAPAWFOXYMNESA-UHFFFAOYSA-N,,,False,
TDC_Hepatocyte_AZ,in_vitro_CLint,human,hepatocyte,µL/min/10^6 cells,3.0,0.47712125471966244,CC(C)c1ccccc1Cc1cc(C(=O)Nc2ccc(S(=O)(=O)c3ccccc3C(C)(C)C)cc2)c(O)c(O)c1O,CC(C)c1ccccc1Cc1cc(C(=O)Nc2ccc(S(=O)(=O)c3ccccc3C(C)(C)C)cc2)c(O)c(O)c1O,PQAPVTKIEGUPRN-UHFFFAOYSA-N,,,False,
TDC_Hepatocyte_AZ,in_vitro_CLint,human,hepatocyte,µL/min/10^6 cells,3.0,0.47712125471966244,C[C@H](C#Cc1ccc(Cc2ccc(F)cc2)s1)N(O)C(N)=O,C[C@H](C#Cc1ccc(Cc2ccc(F)cc2)s1)N(O)C(N)=O,MMSNEKOTSJRTRI-LLVKDONJSA-N,,,False,
TDC_Hepatocyte_AZ,in_vitro_CLint,human,hepatocyte,µL/min/10^6 cells,13.49,1.1300119496719043,CN1CCN(CCOc2n[nH]c3ncnc(Nc4ccc(OCc5ccccn5)c(Cl)c4)c23)CC1,CN1CCN(CCOc2n[nH]c3ncnc(Nc4ccc(OCc5ccccn5)c(Cl)c4)c23)CC1,BZUIGXZUUGQBLL-UHFFFAOYSA-N,,,False,
TDC_Hepatocyte_AZ,in_vitro_CLint,human,hepatocyte,µL/min/10^6 cells,52.0,1.7160033436347992,CCC(CC)NC(=O)c1cnn(-c2ccccc2)c1NS(=O)(=O)c1ccc(-c2cnco2)cc1,CCC(CC)NC(=O)c1cnn(-c2ccccc2)c1NS(=O)(=O)c1ccc(-c2cnco2)cc1,JTNZAVDOINZQTL-UHFFFAOYSA-N,,,False,
TDC_Hepatocyte_AZ,in_vitro_CLint,human,hepatocyte,µL/min/10^6 cells,9.0,0.9542425094393249,O=c1[nH]c2c(O)ccc([C@@H](O)CNCCSCCCNCCc3ccccc3)c2s1,O=c1[nH]c2c(O)ccc([C@@H](O)CNCCSCCCNCCc3ccccc3)c2s1,FMRMQJKRHKYSLD-IBGZPJMESA-N,,,False,
TDC_Hepatocyte_AZ,in_vitro_CLint,human,hepatocyte,µL/min/10^6 cells,150.0,2.1760912590556813,CN(C)CCCN1c2ccccc2Sc2ccc(Cl)cc21,CN(C)CCCN1c2ccccc2Sc2ccc(Cl)cc21,ZPEIMTDSQAKGNT-UHFFFAOYSA-N,,,False,
TDC_Hepatocyte_AZ,in_vitro_CLint,human,hepatocyte,µL/min/10^6 cells,3.0,0.47712125471966244,O=c1[nH]c2c(O)ccc([C@@H](O)CNCCCOCCNCCc3cccc(Cl)c3)c2s1,O=c1[nH]c2c(O)ccc([C@@H](O)CNCCCOCCNCCc3cccc(Cl)c3)c2s1,CQRZBEVGLZUXHH-IBGZPJMESA-N,,,False,
TDC_Hepatocyte_AZ,in_vitro_CLint,human,hepatocyte,µL/min/10^6 cells,3.0,0.47712125471966244,C[C@H](CO)Nc1nc(SCc2ccccc2)nc2[nH]c(=O)sc12,C[C@H](CO)Nc1nc(SCc2ccccc2)nc2[nH]c(=O)sc12,ZZAOLDVNKJEEFU-SECBINFHSA-N,,,False,
TDC_Hepatocyte_AZ,in_vitro_CLint,human,hepatocyte,µL/min/10^6 cells,3.0,0.47712125471966244,Nc1nc2ccc(C(=O)c3ccccc3)cc2[nH]1,Nc1nc2ccc(C(=O)c3ccccc3)cc2[nH]1,GPMHHSJZGVOEFS-UHFFFAOYSA-N,,,False,
TDC_Hepatocyte_AZ,in_vitro_CLint,human,hepatocyte,µL/min/10^6 cells,13.8,1.1398790864012365,Cc1nn(C2CCCCC2)c(N)c1-c1ccccc1,Cc1nn(C2CCCCC2)c(N)c1-c1ccccc1,BONOUDQPFOSBEM-UHFFFAOYSA-N,,,False,
TDC_Hepatocyte_AZ,in_vitro_CLint,human,hepatocyte,µL/min/10^6 cells,9.33,0.9698816437465,COc1ccc([C@@H]2Sc3ccccc3N(CCN(C)C)C(=O)[C@@H]2OC(C)=O)cc1,COc1ccc([C@@H]2Sc3ccccc3N(CCN(C)C)C(=O)[C@@H]2OC(C)=O)cc1,HSUGRBWQSSZJOP-RTWAWAEBSA-N,,,False,
TDC_Hepatocyte_AZ,in_vitro_CLint,human,hepatocyte,µL/min/10^6 cells,9.77,0.989894563718773,C#Cc1cccc(Nc2ncnc3cc(OCCOC)c(OCCOC)cc23)c1,C#Cc1cccc(Nc2ncnc3cc(OCCOC)c(OCCOC)cc23)c1,AAKJLRGGTJKAMG-UHFFFAOYSA-N,,,False,
TDC_Hepatocyte_AZ,in_vitro_CLint,human,hepatocyte,µL/min/10^6 cells,9.8,0.9912260756924949,N#Cc1ccc2[nH]c(-c3ccc(F)cc3)c(CCCC(=O)NS(=O)(=O)C(F)(F)F)c2c1,N#Cc1ccc2[nH]c(-c3ccc(F)cc3)c(CCCC(=O)NS(=O)(=O)C(F)(F)F)c2c1,GVMNNUOOILCXIW-UHFFFAOYSA-N,,,True,
TDC_Hepatocyte_AZ,in_vitro_CLint,human,hepatocyte,µL/min/10^6 cells,69.18,1.8399805576783428,Cc1ccc(-n2nc(C(C)(C)C)cc2NC(=O)Nc2ccc(OCCN3CCOCC3)c3ccccc23)cc1,Cc1ccc(-n2nc(C(C)(C)C)cc2NC(=O)Nc2ccc(OCCN3CCOCC3)c3ccccc23)cc1,MVCOAUNKQVWQHZ-UHFFFAOYSA-N,,,False,
TDC_Hepatocyte_AZ,in_vitro_CLint,human,hepatocyte,µL/min/10^6 cells,69.18,1.8399805576783428,CC/C(=C(/c1ccc(O)cc1)c1ccc(/C=C/C(=O)O)cc1)c1ccccc1,CC/C(=C(/c1ccc(O)cc1)c1ccc(/C=C/C(=O)O)cc1)c1ccccc1,SCVIEONTACSLJA-VZBZSUMNSA-N,,,False,
TDC_Hepatocyte_AZ,in_vitro_CLint,human,hepatocyte,µL/min/10^6 cells,3.0,0.47712125471966244,CC(C)c1nnc2ccc(-c3ocnc3-c3cc(F)ccc3F)cn12,CC(C)c1nnc2ccc(-c3ocnc3-c3cc(F)ccc3F)cn12,UACOXBQBNWQWOK-UHFFFAOYSA-N,,,False,
TDC_Hepatocyte_AZ,in_vitro_CLint,human,hepatocyte,µL/min/10^6 cells,3.0,0.47712125471966244,CC1(C)C(=O)Nc2ccccc21,CC1(C)C(=O)Nc2ccccc21,KEZHRKOVLKUYCQ-UHFFFAOYSA-N,,,False,
TDC_Hepatocyte_AZ,in_vitro_CLint,human,hepatocyte,µL/min/10^6 cells,3.0,0.47712125471966244,COc1cc2ncnc(Nc3ccc(F)c(Cl)c3)c2cc1NC(=O)/C=C/CN1CCCCC1,COc1cc2ncnc(Nc3ccc(F)c(Cl)c3)c2cc1NC(=O)/C=C/CN1CCCCC1,LVXJQMNHJWSHET-AATRIKPKSA-N,,,False,
TDC_Hepatocyte_AZ,in_vitro_CLint,human,hepatocyte,µL/min/10^6 cells,3.0,0.47712125471966244,O=c1[nH]c2c(O)ccc([C@@H](O)CNCCSCCCNCCc3cccc(Cl)c3Cl)c2s1,O=c1[nH]c2c(O)ccc([C@@H](O)CNCCSCCCNCCc3cccc(Cl)c3Cl)c2s1,PEVWKBRNDRRBCW-SFHVURJKSA-N,,,False,
TDC_Hepatocyte_AZ,in_vitro_CLint,human,hepatocyte,µL/min/10^6 cells,3.0,0.47712125471966244,Cc1nccn1CC1CCc2c(c3ccccc3n2C)C1=O,Cc1nccn1CC1CCc2c(c3ccccc3n2C)C1=O,FELGMEQIXOGIFQ-UHFFFAOYSA-N,,,False,
TDC_Hepatocyte_AZ,in_vitro_CLint,human,hepatocyte,µL/min/10^6 cells,3.0,0.47712125471966244,N#CC1(NC(=O)[C@@H]2CCCC[C@H]2C(=O)N2CCN(c3nc4c(s3)COCC4)CC2)CC1,N#CC1(NC(=O)[C@@H]2CCCC[C@H]2C(=O)N2CCN(c3nc4c(s3)COCC4)CC2)CC1,UWWSISYOFNGXQB-HZPDHXFCSA-N,,,False,
TDC_Hepatocyte_AZ,in_vitro_CLint,human,hepatocyte,µL/min/10^6 cells,22.0,1.3424226808222062,O=c1[nH]c2c(O)ccc([C@@H](O)CNCCc3cccc(CNCCc4ccccc4F)c3)c2s1,O=c1[nH]c2c(O)ccc([C@@H](O)CNCCc3cccc(CNCCc4ccccc4F)c3)c2s1,HIBBORWAHJKGBI-QHCPKHFHSA-N,,,False,
TDC_Hepatocyte_AZ,in_vitro_CLint,human,hepatocyte,µL/min/10^6 cells,3.0,0.47712125471966244,O=C(Nc1c[nH]nc1-c1nc2ccc(CN3CCOCC3)cc2[nH]1)NC1CC1,O=C(Nc1c[nH]nc1-c1nc2ccc(CN3CCOCC3)cc2[nH]1)NC1CC1,LOLPPWBBNUVNQZ-UHFFFAOYSA-N,,,False,
TDC_Hepatocyte_AZ,in_vitro_CLint,human,hepatocyte,µL/min/10^6 cells,3.0,0.47712125471966244,Nc1c(C(=O)c2cccc(OC[C@@H](O)CO)c2)cnn1-c1ccc(F)cc1,Nc1c(C(=O)c2cccc(OC[C@@H](O)CO)c2)cnn1-c1ccc(F)cc1,IJDQETGUEUJVTB-HNNXBMFYSA-N,,,False,
TDC_Hepatocyte_AZ,in_vitro_CLint,human,hepatocyte,µL/min/10^6 cells,3.0,0.47712125471966244,CCNC(=O)c1ccc(C)c(-n2cnc3ccc(N4CCN(C)CC4)cc3c2=O)c1,CCNC(=O)c1ccc(C)c(-n2cnc3ccc(N4CCN(C)CC4)cc3c2=O)c1,NIKKNJOVUYAOTG-UHFFFAOYSA-N,,,False,
TDC_Hepatocyte_AZ,in_vitro_CLint,human,hepatocyte,µL/min/10^6 cells,3.0,0.47712125471966244,COc1ccc(-c2cc3c(C)nc(N)nc3n([C@H]3CC[C@H](OCCO)CC3)c2=O)cn1,COc1ccc(-c2cc3c(C)nc(N)nc3n([C@H]3CC[C@H](OCCO)CC3)c2=O)cn1,XDLYKKIQACFMJG-WKILWMFISA-N,,,False,
TDC_Hepatocyte_AZ,in_vitro_CLint,human,hepatocyte,µL/min/10^6 cells,3.0,0.47712125471966244,C[N+]1(C)[C@H]2C[C@H](OC(=O)C(O)(c3cccs3)c3cccs3)C[C@@H]1[C@H]1O[C@@H]21,C[N+]1(C)[C@@H]2C[C@@H](OC(=O)C(O)(c3cccs3)c3cccs3)C[C@H]1[C@@H]1O[C@@H]12,LERNTVKEWCAPOY-DZZGSBJMSA-N,,,False,
TDC_Hepatocyte_AZ,in_vitro_CLint,human,hepatocyte,µL/min/10^6 cells,3.0,0.47712125471966244,CCN(C(=O)c1ccc(-c2ccc(Cl)cc2)o1)c1ccc(N2CCNCC2)cc1,CCN(C(=O)c1ccc(-c2ccc(Cl)cc2)o1)c1ccc(N2CCNCC2)cc1,ZQXYAXCRCBTDIH-UHFFFAOYSA-N,,,False,
TDC_Hepatocyte_AZ,in_vitro_CLint,human,hepatocyte,µL/min/10^6 cells,3.0,0.47712125471966244,Cc1cc(-c2ccc(Cl)c(C(=O)NCC3(O)CCCCCC3)c2)nn1C[C@H](O)CN,Cc1cc(-c2ccc(Cl)c(C(=O)NCC3(O)CCCCCC3)c2)nn1C[C@H](O)CN,YZDZFELRGNTLSQ-QGZVFWFLSA-N,,,False,
TDC_Hepatocyte_AZ,in_vitro_CLint,human,hepatocyte,µL/min/10^6 cells,3.0,0.47712125471966244,CCS(=O)(=O)CCCC12CCC(c3nnc(-c4ccccc4C(F)(F)F)n3C)(CC1)CC2,CCS(=O)(=O)CCCC12CCC(c3nnc(-c4ccccc4C(F)(F)F)n3C)(CC1)CC2,ORQZQBUNAMJFCY-UHFFFAOYSA-N,,,True,
TDC_Hepatocyte_AZ,in_vitro_CLint,human,hepatocyte,µL/min/10^6 cells,3.0,0.47712125471966244,CC(C)(C)NS(=O)(=O)c1cncc(-c2ccc3nc(NC(=O)NCC(=O)N4CCCC4)nn3c2)c1,CC(C)(C)NS(=O)(=O)c1cncc(-c2ccc3nc(NC(=O)NCC(=O)N4CCCC4)nn3c2)c1,PVOKBUZWKYUCKF-UHFFFAOYSA-N,,,False,
TDC_Hepatocyte_AZ,in_vitro_CLint,human,hepatocyte,µL/min/10^6 cells,26.92,1.4300750555519393,Clc1ccc2c(c1)CCc1cccnc1C2=C1CCNCC1,Clc1ccc2c(c1)CCc1cccnc1C2=C1CCNCC1,JAUOIFJMECXRGI-UHFFFAOYSA-N,,,False,
TDC_Hepatocyte_AZ,in_vitro_CLint,human,hepatocyte,µL/min/10^6 cells,78.0,1.8920946026904804,O=c1[nH]c2c(O)ccc([C@@H](O)CNCCc3cccc(CNCCc4c(Cl)cccc4Cl)c3)c2s1,O=c1[nH]c2c(O)ccc([C@@H](O)CNCCc3cccc(CNCCc4c(Cl)cccc4Cl)c3)c2s1,MCZWBSFGGNTCLH-QHCPKHFHSA-N,,,False,
TDC_Hepatocyte_AZ,in_vitro_CLint,human,hepatocyte,µL/min/10^6 cells,15.49,1.190051417759206,CC(C)(N)C(=O)N[C@H](COCc1ccc(F)cc1F)C(=O)N1CCC2=NN(CC(F)(F)F)C(=O)[C@]2(Cc2ccccn2)C1,CC(C)(N)C(=O)N[C@H](COCc1ccc(F)cc1F)C(=O)N1CCC2=NN(CC(F)(F)F)C(=O)[C@]2(Cc2ccccn2)C1,QUAJHCSLZMRTTM-JIPXPUAJSA-N,,,True,
TDC_Hepatocyte_AZ,in_vitro_CLint,human,hepatocyte,µL/min/10^6 cells,16.0,1.2041199826559248,COc1cc2nnc(C(N)=O)c(Nc3ccc(F)cc3F)c2cc1N1CCN(C)CC1,COc1cc2nnc(C(N)=O)c(Nc3ccc(F)cc3F)c2cc1N1CCN(C)CC1,HETJBEPGHHRWCC-UHFFFAOYSA-N,,,False,
TDC_Hepatocyte_AZ,in_vitro_CLint,human,hepatocyte,µL/min/10^6 cells,19.95,1.299942900022767,CNC(=O)c1nc(-c2ccc(Cl)c(S(=O)(=O)Nc3cccc(F)c3F)c2)cnc1N,CNC(=O)c1nc(-c2ccc(Cl)c(S(=O)(=O)Nc3cccc(F)c3F)c2)cnc1N,GEYLKEHPEKRUTC-UHFFFAOYSA-N,,,False,
TDC_Hepatocyte_AZ,in_vitro_CLint,human,hepatocyte,µL/min/10^6 cells,4.7,0.6720978579357175,C[C@H](Oc1ccc(Cl)cc1CN1CCN(C(=O)Cc2ccc(Cl)cc2)[C@@H](C)C1)C(=O)O,C[C@H](Oc1ccc(Cl)cc1CN1CCN(C(=O)Cc2ccc(Cl)cc2)[C@@H](C)C1)C(=O)O,FDGBGRZYIGYTBW-HOTGVXAUSA-N,,,False,
TDC_Hepatocyte_AZ,in_vitro_CLint,human,hepatocyte,µL/min/10^6 cells,4.9,0.6901960800285137,CC1Cc2ccccc2N1NC(=O)c1ccc(Cl)c(S(N)(=O)=O)c1,CC1Cc2ccccc2N1NC(=O)c1ccc(Cl)c(S(N)(=O)=O)c1,NDDAHWYSQHTHNT-UHFFFAOYSA-N,,,False,
TDC_Hepatocyte_AZ,in_vitro_CLint,human,hepatocyte,µL/min/10^6 cells,5.13,0.7101173651118162,N#CCNC(=O)c1ccc(-c2ccnc(Nc3ccc(N4CCOCC4)cc3)n2)cc1,N#CCNC(=O)c1ccc(-c2ccnc(Nc3ccc(N4CCOCC4)cc3)n2)cc1,ZVHNDZWQTBEVRY-UHFFFAOYSA-N,,,False,
TDC_Hepatocyte_AZ,in_vitro_CLint,human,hepatocyte,µL/min/10^6 cells,72.44,1.8599784416420209,Cc1ccc(NC(=O)c2cccc(N(C)S(C)(=O)=O)c2)cc1NC(=O)c1ccc2ncccc2c1,Cc1ccc(NC(=O)c2cccc(N(C)S(C)(=O)=O)c2)cc1NC(=O)c1ccc2ncccc2c1,DQFMRMLWLAESEZ-UHFFFAOYSA-N,,,False,
TDC_Hepatocyte_AZ,in_vitro_CLint,human,hepatocyte,µL/min/10^6 cells,75.86,1.8800128383667718,CCn1c(SCC(=O)Nc2cc(C)on2)nnc1-c1cccnc1,CCn1c(SCC(=O)Nc2cc(C)on2)nnc1-c1cccnc1,GQFQSTFIMMNJGW-UHFFFAOYSA-N,,,False,
TDC_Hepatocyte_AZ,in_vitro_CLint,human,hepatocyte,µL/min/10^6 cells,3.0,0.47712125471966244,COCC(C)n1nc(C)c(C(=O)N[C@@H](C)C(C)(C)C)c1NS(=O)(=O)c1ccc(C)cc1,COCC(C)n1nc(C)c(C(=O)N[C@@H](C)C(C)(C)C)c1NS(=O)(=O)c1ccc(C)cc1,PRLQJMZZLUVWAX-LWKPJOBUSA-N,,,False,
TDC_Hepatocyte_AZ,in_vitro_CLint,human,hepatocyte,µL/min/10^6 cells,3.0,0.47712125471966244,C[C@H]1CN(Cc2cc(Cl)ccc2OCC(=O)O)CCN1C(=O)Cc1ccc(F)cc1,C[C@H]1CN(Cc2cc(Cl)ccc2OCC(=O)O)CCN1C(=O)Cc1ccc(F)cc1,HETDCNLHSCWGNG-HNNXBMFYSA-N,,,False,
TDC_Hepatocyte_AZ,in_vitro_CLint,human,hepatocyte,µL/min/10^6 cells,3.0,0.47712125471966244,CC1N=C(N)N=C(N)N1c1ccc(Cl)cc1,CC1N=C(N)N=C(N)N1c1ccc(Cl)cc1,WHWDLTBBQLJYCJ-UHFFFAOYSA-N,,,False,
TDC_Hepatocyte_AZ,in_vitro_CLint,human,hepatocyte,µL/min/10^6 cells,3.0,0.47712125471966244,Cc1c(CN2CCN(C(=O)[C@H](C)O)CC2)sc2c(N3CCOCC3)nc(-c3cnc(N)nc3)nc12,Cc1c(CN2CCN(C(=O)[C@H](C)O)CC2)sc2c(N3CCOCC3)nc(-c3cnc(N)nc3)nc12,YOVVNQKCSKSHKT-HNNXBMFYSA-N,,,False,
TDC_Hepatocyte_AZ,in_vitro_CLint,human,hepatocyte,µL/min/10^6 cells,3.0,0.47712125471966244,CC1Sc2c(C(=O)O)c(=O)c3cc(F)c(N4CCNCC4)cc3n21,CC1Sc2c(C(=O)O)c(=O)c3cc(F)c(N4CCNCC4)cc3n21,SUXQDLLXIBLQHW-UHFFFAOYSA-N,,,False,
TDC_Hepatocyte_AZ,in_vitro_CLint,human,hepatocyte,µL/min/10^6 cells,3.0,0.47712125471966244,Cc1c2c(=O)n(-c3ccccc3Cl)[nH]c2cc(=O)n1Cc1ccccn1,Cc1c2c(=O)n(-c3ccccc3Cl)[nH]c2cc(=O)n1Cc1ccccn1,DNKYHHFCPXKFIY-UHFFFAOYSA-N,,,False,
TDC_Hepatocyte_AZ,in_vitro_CLint,human,hepatocyte,µL/min/10^6 cells,3.0,0.47712125471966244,C[C@H]1CN(Cc2cc(Cl)ccc2CC(=O)O)CCN1C(=O)Cc1ccc(Cl)cc1,C[C@H]1CN(Cc2cc(Cl)ccc2CC(=O)O)CCN1C(=O)Cc1ccc(Cl)cc1,UTYMAGFCZOUQSX-HNNXBMFYSA-N,,,False,
TDC_Hepatocyte_AZ,in_vitro_CLint,human,hepatocyte,µL/min/10^6 cells,3.0,0.47712125471966244,Cc1cc(F)ccc1OC1CCN(CC2CCN([C@@H](Cc3ccc(F)cc3)C(=O)O)CC2)CC1,Cc1cc(F)ccc1OC1CCN(CC2CCN([C@@H](Cc3ccc(F)cc3)C(=O)O)CC2)CC1,CWXOTCCLEKNUJY-VWLOTQADSA-N,,,False,
TDC_Hepatocyte_AZ,in_vitro_CLint,human,hepatocyte,µL/min/10^6 cells,3.0,0.47712125471966244,Cc1cc(Cl)ccc1OC1CCN(CC2CCN([C@@H](Cc3ccc(F)cc3)C(=O)O)CC2)CC1,Cc1cc(Cl)ccc1OC1CCN(CC2CCN([C@@H](Cc3ccc(F)cc3)C(=O)O)CC2)CC1,MOHMWXTYADLKCG-VWLOTQADSA-N,,,False,
TDC_Hepatocyte_AZ,in_vitro_CLint,human,hepatocyte,µL/min/10^6 cells,3.0,0.47712125471966244,Cc1cccc(C[C@@H](C(=O)O)N2CCC(CN3CCC(Oc4ccc(Cl)c(Cl)c4)CC3)CC2)c1,Cc1cccc(C[C@@H](C(=O)O)N2CCC(CN3CCC(Oc4ccc(Cl)c(Cl)c4)CC3)CC2)c1,CGPUMTTUBWGRHT-SANMLTNESA-N,,,False,
TDC_Hepatocyte_AZ,in_vitro_CLint,human,hepatocyte,µL/min/10^6 cells,3.0,0.47712125471966244,CC(=O)C[C@@H](c1ccccc1)c1c(O)c2ccccc2oc1=O,CC(=O)C[C@@H](c1ccccc1)c1c(O)c2ccccc2oc1=O,PJVWKTKQMONHTI-HNNXBMFYSA-N,,,False,
TDC_Hepatocyte_AZ,in_vitro_CLint,human,hepatocyte,µL/min/10^6 cells,5.25,0.7201593034059569,CC[C@H](Nc1ncnc2[nH]cnc12)c1nc2cccc(F)c2c(=O)n1-c1ccccc1,CC[C@H](Nc1ncnc2[nH]cnc12)c1nc2cccc(F)c2c(=O)n1-c1ccccc1,IFSDAJWBUCMOAH-HNNXBMFYSA-N,,,False,
TDC_Hepatocyte_AZ,in_vitro_CLint,human,hepatocyte,µL/min/10^6 cells,11.48,1.0599418880619547,CCN(CC)CCN1C(=O)[C@@](O)(c2ccccc2Cl)c2c1cc(C(N)=O)cc2C(F)(F)F,CCN(CC)CCN1C(=O)[C@@](O)(c2ccccc2Cl)c2c1cc(C(N)=O)cc2C(F)(F)F,YSSPGXCFFITNCE-OAQYLSRUSA-N,,,True,
TDC_Hepatocyte_AZ,in_vitro_CLint,human,hepatocyte,µL/min/10^6 cells,12.3,1.089905111439398,CNc1nc(C)c(-c2nc(Nc3cccc(N4CCNCC4)c3)ncc2C#N)s1,CNc1nc(C)c(-c2nc(Nc3cccc(N4CCNCC4)c3)ncc2C#N)s1,HMCJMBDXHYZRRL-UHFFFAOYSA-N,,,False,
TDC_Hepatocyte_AZ,in_vitro_CLint,human,hepatocyte,µL/min/10^6 cells,28.18,1.4499409887733377,CC(C)N1CCC(N(C(=O)Cc2ccccc2)c2ccc(Cl)cc2)CC1,CC(C)N1CCC(N(C(=O)Cc2ccccc2)c2ccc(Cl)cc2)CC1,XHOJAWVAWFHGHL-UHFFFAOYSA-N,,,False,
TDC_Hepatocyte_AZ,in_vitro_CLint,human,hepatocyte,µL/min/10^6 cells,3.3,0.5185139398778874,Cc1nc(CSc2nc(N[C@H](C)CO)c3sc(=O)[nH]c3n2)cs1,Cc1nc(CSc2nc(N[C@H](C)CO)c3sc(=O)[nH]c3n2)cs1,KFHSDCXNOPXKDP-ZCFIWIBFSA-N,,,False,
TDC_Hepatocyte_AZ,in_vitro_CLint,human,hepatocyte,µL/min/10^6 cells,39.81,1.599992177584098,C=CC(=O)Nc1cccc(CN2C(=O)N(c3c(Cl)c(OC)cc(OC)c3Cl)Cc3cnc(NCCCCN(CC)CC)nc32)c1,C=CC(=O)Nc1cccc(CN2C(=O)N(c3c(Cl)c(OC)cc(OC)c3Cl)Cc3cnc(NCCCCN(CC)CC)nc32)c1,DNVFTXQYIYFQBW-UHFFFAOYSA-N,,,False,
TDC_Hepatocyte_AZ,in_vitro_CLint,human,hepatocyte,µL/min/10^6 cells,41.41,1.617105230502378,N#CC1(NC(=O)[C@@H]2CCCC[C@H]2C(=O)N2CCc3[nH]c4ccc(F)cc4c3C2)CC1,N#CC1(NC(=O)[C@@H]2CCCC[C@H]2C(=O)N2CCc3[nH]c4ccc(F)cc4c3C2)CC1,HGJTURTZFKNELD-HZPDHXFCSA-N,,,False,
TDC_Hepatocyte_AZ,in_vitro_CLint,human,hepatocyte,µL/min/10^6 cells,43.0,1.6334684555795864,CN(CCNC[C@H](O)c1ccc(O)c2[nH]c(=O)sc12)C(=O)CCOCCc1ccccc1,CN(CCNC[C@H](O)c1ccc(O)c2[nH]c(=O)sc12)C(=O)CCOCCc1ccccc1,GWDLQAAVOQBLDF-IBGZPJMESA-N,,,False,
TDC_Hepatocyte_AZ,in_vitro_CLint,human,hepatocyte,µL/min/10^6 cells,44.67,1.6500159524718385,O=C(Nc1cccc(-c2nnn[nH]2)c1)c1cccc2[nH]cnc12,O=C(Nc1cccc(-c2nnn[nH]2)c1)c1cccc2[nH]cnc12,OUXPKPPPOPWHCW-UHFFFAOYSA-N,,,False,
TDC_Hepatocyte_AZ,in_vitro_CLint,human,hepatocyte,µL/min/10^6 cells,46.28,1.665393350279712,CCC(C)(C)C(=O)O[C@H]1C[C@@H](C)C=C2C=C[C@H](C)[C@H](CC[C@@H](O)C[C@@H](O)CC(=O)O)[C@H]21,CCC(C)(C)C(=O)O[C@H]1C[C@@H](C)C=C2C=C[C@H](C)[C@H](CC[C@@H](O)C[C@@H](O)CC(=O)O)[C@H]21,XWLXKKNPFMNSFA-HGQWONQESA-N,,,False,
TDC_Hepatocyte_AZ,in_vitro_CLint,human,hepatocyte,µL/min/10^6 cells,46.77,1.6699673699085043,Nc1c(-c2ccccc2)nc(Cl)nc1-c1ccccc1,Nc1c(-c2ccccc2)nc(Cl)nc1-c1ccccc1,SLOSQZWEGNDMAF-UHFFFAOYSA-N,,,False,
TDC_Hepatocyte_AZ,in_vitro_CLint,human,hepatocyte,µL/min/10^6 cells,52.48,1.7199938263676038,CCCC(C)(C)C[C@H](c1ccc(C(=O)O)c(Oc2cccc(Cl)c2)c1)N1CCC[C@H](n2cc(C)c(=O)[nH]c2=O)C1,CCCC(C)(C)C[C@H](c1ccc(C(=O)O)c(Oc2cccc(Cl)c2)c1)N1CCC[C@H](n2cc(C)c(=O)[nH]c2=O)C1,SMNMCDQPRMFQFA-JYFHCDHNSA-N,,,False,
TDC_Hepatocyte_AZ,in_vitro_CLint,human,hepatocyte,µL/min/10^6 cells,53.7,1.7299742856995557,CC(C(=O)O)c1cccc(C(=O)c2ccccc2)c1,CC(C(=O)O)c1cccc(C(=O)c2ccccc2)c1,DKYWVDODHFEZIM-UHFFFAOYSA-N,,,False,
TDC_Hepatocyte_AZ,in_vitro_CLint,human,hepatocyte,µL/min/10^6 cells,54.95,1.7399676967595095,NC(=O)NC(=O)C(Nc1ccc2c(c1)CCC2)c1ccccc1,NC(=O)NC(=O)C(Nc1ccc2c(c1)CCC2)c1ccccc1,YHAMWDFRLHXMHG-UHFFFAOYSA-N,,,False,
TDC_Hepatocyte_AZ,in_vitro_CLint,human,hepatocyte,µL/min/10^6 cells,54.95,1.7399676967595095,Clc1ccc(COc2ccc(Br)cc2CN2CCOCC2)cc1,Clc1ccc(COc2ccc(Br)cc2CN2CCOCC2)cc1,JUKUHNUKMFGLIK-UHFFFAOYSA-N,,,False,
TDC_Hepatocyte_AZ,in_vitro_CLint,human,hepatocyte,µL/min/10^6 cells,64.0,1.806179973983887,CNC(=O)c1cnn(-c2ccccc2)c1NS(=O)(=O)c1ccc(C)cc1,CNC(=O)c1cnn(-c2ccccc2)c1NS(=O)(=O)c1ccc(C)cc1,NVXNUPIATWBYSF-UHFFFAOYSA-N,,,False,
TDC_Hepatocyte_AZ,in_vitro_CLint,human,hepatocyte,µL/min/10^6 cells,64.57,1.8100307864058394,CCNC(=O)OC1CCN(c2nncc3cc(OC)c(OC)cc23)CC1,CCNC(=O)OC1CCN(c2nncc3cc(OC)c(OC)cc23)CC1,QJGVXJYGDBSPSJ-UHFFFAOYSA-N,,,False,
TDC_Hepatocyte_AZ,in_vitro_CLint,human,hepatocyte,µL/min/10^6 cells,69.0,1.8388490907372552,N#Cc1ccc(NC(=O)Nc2ccccc2Br)c2nn[nH]c12,N#Cc1ccc(NC(=O)Nc2ccccc2Br)c2nn[nH]c12,SEDUMQWZEOMXSO-UHFFFAOYSA-N,,,False,
TDC_Hepatocyte_AZ,in_vitro_CLint,human,hepatocyte,µL/min/10^6 cells,4.47,0.6503075231319364,CN(C)c1nc(Cc2ccc(NC(=O)c3ccc(C(F)(F)F)cc3)cc2)nc(N(C)C)c1CC(=O)O,CN(C)c1nc(Cc2ccc(NC(=O)c3ccc(C(F)(F)F)cc3)cc2)nc(N(C)C)c1CC(=O)O,XEOSTBFUCNZKGS-UHFFFAOYSA-N,,,True,
TDC_Hepatocyte_AZ,in_vitro_CLint,human,hepatocyte,µL/min/10^6 cells,4.68,0.670245853074124,CN(CCOc1ccc(NS(C)(=O)=O)cc1)CCc1ccc(NS(C)(=O)=O)cc1,CN(CCOc1ccc(NS(C)(=O)=O)cc1)CCc1ccc(NS(C)(=O)=O)cc1,IXTMWRCNAAVVAI-UHFFFAOYSA-N,,,False,
TDC_Hepatocyte_AZ,in_vitro_CLint,human,hepatocyte,µL/min/10^6 cells,4.79,0.6803355134145632,C[C@@H](O)[C@H]1C(=O)N2C(C(=O)O)=C(SC3CN(C4=NCCS4)C3)[C@H](C)[C@H]12,C[C@@H](O)[C@H]1C(=O)N2C(C(=O)O)=C(SC3CN(C4=NCCS4)C3)[C@H](C)[C@H]12,GXXLUDOKHXEFBQ-YJFSRANCSA-N,,,False,
TDC_Hepatocyte_AZ,in_vitro_CLint,human,hepatocyte,µL/min/10^6 cells,5.37,0.7299742856995556,COc1cc2nc(N3CCN(C(=O)c4ccco4)CC3)nc(N)c2cc1OC,COc1cc2nc(N3CCN(C(=O)c4ccco4)CC3)nc(N)c2cc1OC,IENZQIKPVFGBNW-UHFFFAOYSA-N,,,False,
TDC_Hepatocyte_AZ,in_vitro_CLint,human,hepatocyte,µL/min/10^6 cells,6.31,0.8000293592441343,Cc1c(F)cc(C(=O)NC2CC2)cc1-c1ccc(C(=O)NCC(C)(C)C)cn1,Cc1c(F)cc(C(=O)NC2CC2)cc1-c1ccc(C(=O)NCC(C)(C)C)cn1,KKYABQBFGDZVNQ-UHFFFAOYSA-N,,,False,
TDC_Hepatocyte_AZ,in_vitro_CLint,human,hepatocyte,µL/min/10^6 cells,10.23,1.0098756337121602,CC(C)(C)NC(=O)[C@@H]1CN(Cc2cccnc2)CCN1C[C@@H](O)C[C@@H](Cc1ccccc1)C(=O)N[C@H]1c2ccccc2C[C@H]1O,CC(C)(C)NC(=O)[C@@H]1CN(Cc2cccnc2)CCN1C[C@@H](O)C[C@@H](Cc1ccccc1)C(=O)N[C@H]1c2ccccc2C[C@H]1O,CBVCZFGXHXORBI-PXQQMZJSSA-N,,,False,
TDC_Hepatocyte_AZ,in_vitro_CLint,human,hepatocyte,µL/min/10^6 cells,11.48,1.0599418880619547,O=C(O)C[C@H]1CC[C@H](c2ccc(-c3ccc(Nc4ccc(C(F)(F)F)nc4)cn3)cc2)CC1,O=C(O)C[C@H]1CC[C@H](c2ccc(-c3ccc(Nc4ccc(C(F)(F)F)nc4)cn3)cc2)CC1,GXALXAKNHIROPE-QAQDUYKDSA-N,,,True,
TDC_Hepatocyte_AZ,in_vitro_CLint,human,hepatocyte,µL/min/10^6 cells,13.8,1.1398790864012365,COc1cc(N2CC3CNCC(C2)O3)ccc1Nc1ncc(Cl)c(-c2cnc3ccccn23)n1,COc1cc(N2CC3CNCC(C2)O3)ccc1Nc1ncc(Cl)c(-c2cnc3ccccn23)n1,PGKJSVHLRWKLSO-UHFFFAOYSA-N,,,False,
TDC_Hepatocyte_AZ,in_vitro_CLint,human,hepatocyte,µL/min/10^6 cells,14.45,1.1598678470925667,Nc1ncnc2c1ncn2[C@@H]1O[C@H](CSCCCNC(=O)NCc2ccccc2)[C@@H](O)[C@H]1O,Nc1ncnc2c1ncn2[C@@H]1O[C@H](CSCCCNC(=O)NCc2ccccc2)[C@@H](O)[C@H]1O,LXPZLICTVQWCKP-WVSUBDOOSA-N,,,False,
TDC_Hepatocyte_AZ,in_vitro_CLint,human,hepatocyte,µL/min/10^6 cells,5.5,0.7403626894942439,O=C(CN1CCOCC1)Nc1ccc(-c2cccc3c(=O)cc(N4CCOCC4)oc23)cc1OCCN1CCCC1,O=C(CN1CCOCC1)Nc1ccc(-c2cccc3c(=O)cc(N4CCOCC4)oc23)cc1OCCN1CCCC1,LOJHKQZDDWPDJN-UHFFFAOYSA-N,,,False,
TDC_Hepatocyte_AZ,in_vitro_CLint,human,hepatocyte,µL/min/10^6 cells,22.77,1.3573630306151427,O=C(NCc1ccccc1)c1ccc2cccnc2c1O,O=C(NCc1ccccc1)c1ccc2cccnc2c1O,BMYUTWKKELIBCE-UHFFFAOYSA-N,,,False,
TDC_Hepatocyte_AZ,in_vitro_CLint,human,hepatocyte,µL/min/10^6 cells,150.0,2.1760912590556813,CCN(CC)S(=O)(=O)c1ccc(-c2nnc(SCC(=O)N3CCc4ccccc43)o2)cc1,CCN(CC)S(=O)(=O)c1ccc(-c2nnc(SCC(=O)N3CCc4ccccc43)o2)cc1,SNOGKFRNPQRXAJ-UHFFFAOYSA-N,,,False,
TDC_Hepatocyte_AZ,in_vitro_CLint,human,hepatocyte,µL/min/10^6 cells,150.0,2.1760912590556813,Cc1ccccc1C(OCCN(C)C)c1ccccc1,Cc1ccccc1C(OCCN(C)C)c1ccccc1,QVYRGXJJSLMXQH-UHFFFAOYSA-N,,,False,
TDC_Hepatocyte_AZ,in_vitro_CLint,human,hepatocyte,µL/min/10^6 cells,150.0,2.1760912590556813,CC1(C)[C@@H]2CC[C@@]1(CS(=O)(=O)N1CCN(c3ccc(C#N)cn3)CC1)C(=O)C2,CC1(C)[C@@H]2CC[C@@]1(CS(=O)(=O)N1CCN(c3ccc(C#N)cn3)CC1)C(=O)C2,KGOUMVFYXYCYPF-OXQOHEQNSA-N,,,False,
TDC_Hepatocyte_AZ,in_vitro_CLint,human,hepatocyte,µL/min/10^6 cells,150.0,2.1760912590556813,Cc1ccccc1NC(=O)CCS(=O)(=O)c1ccc(Br)s1,Cc1ccccc1NC(=O)CCS(=O)(=O)c1ccc(Br)s1,OFKPHZHFCFRCKG-UHFFFAOYSA-N,,,False,
TDC_Hepatocyte_AZ,in_vitro_CLint,human,hepatocyte,µL/min/10^6 cells,108.0,2.03342375548695,O=c1[nH]c2c(O)ccc([C@@H](O)CN[C@H]3CCC[C@@H]3OCc3ccccc3)c2s1,O=c1[nH]c2c(O)ccc([C@@H](O)CN[C@H]3CCC[C@@H]3OCc3ccccc3)c2s1,QTWVYUJFBIVOHT-SZMVWBNQSA-N,,,False,
TDC_Hepatocyte_AZ,in_vitro_CLint,human,hepatocyte,µL/min/10^6 cells,110.0,2.041392685158225,C[C@@](C(=O)O[C@H]1C[N+]2(Cc3cc(-c4ccccc4)on3)CCC1CC2)(c1ccccc1)N1CCCCC1,C[C@@](C(=O)O[C@H]1C[N+]2(Cc3cc(-c4ccccc4)on3)CCC1CC2)(c1ccccc1)N1CCCCC1,CUHHKRVQQVBABE-MHCCUNAPSA-N,,,False,
TDC_Hepatocyte_AZ,in_vitro_CLint,human,hepatocyte,µL/min/10^6 cells,117.49,2.070000903802345,CCC(C)(C)C[C@H](c1ccc(C(=O)O)c(Oc2cccc(Cl)c2)c1)N1CCC[C@H](n2cc(C)c(=O)[nH]c2=O)C1,CCC(C)(C)C[C@H](c1ccc(C(=O)O)c(Oc2cccc(Cl)c2)c1)N1CCC[C@H](n2cc(C)c(=O)[nH]c2=O)C1,OOIGDEFCNHECCO-WIOPSUGQSA-N,,,False,
TDC_Hepatocyte_AZ,in_vitro_CLint,human,hepatocyte,µL/min/10^6 cells,3.0,0.47712125471966244,C=CC(=O)Nc1ccc(F)cc1,C=CC(=O)Nc1ccc(F)cc1,LVCGCAYBLBKRDP-UHFFFAOYSA-N,,,False,
TDC_Hepatocyte_AZ,in_vitro_CLint,human,hepatocyte,µL/min/10^6 cells,3.0,0.47712125471966244,O=C(Nc1ccc(Cl)c(S(=O)(=O)N2CCNCC2)c1O)Nc1cccc(F)c1Cl,O=C(Nc1ccc(Cl)c(S(=O)(=O)N2CCNCC2)c1O)Nc1cccc(F)c1Cl,YQYFEGTYCUQBEI-UHFFFAOYSA-N,,,False,
TDC_Hepatocyte_AZ,in_vitro_CLint,human,hepatocyte,µL/min/10^6 cells,3.0,0.47712125471966244,O=c1[nH]c2c(O)ccc([C@@H](O)CNCCCOCCOCCc3ccccc3)c2s1,O=c1[nH]c2c(O)ccc([C@@H](O)CNCCCOCCOCCc3ccccc3)c2s1,FMJYIEYLOQSTQE-IBGZPJMESA-N,,,False,
TDC_Hepatocyte_AZ,in_vitro_CLint,human,hepatocyte,µL/min/10^6 cells,3.0,0.47712125471966244,CNC(=C[N+](=O)[O-])NCCSCc1ccc(CN(C)C)o1,CNC(=C[N+](=O)[O-])NCCSCc1ccc(CN(C)C)o1,VMXUWOKSQNHOCA-UHFFFAOYSA-N,,,False,
TDC_Hepatocyte_AZ,in_vitro_CLint,human,hepatocyte,µL/min/10^6 cells,3.0,0.47712125471966244,N#CC1(NC(=O)[C@@H]2CCCC[C@H]2C(=O)N2CCN(c3nc4cnccc4s3)CC2)CC1,N#CC1(NC(=O)[C@@H]2CCCC[C@H]2C(=O)N2CCN(c3nc4cnccc4s3)CC2)CC1,VSLVCMQLWKKHKL-HZPDHXFCSA-N,,,False,
TDC_Hepatocyte_AZ,in_vitro_CLint,human,hepatocyte,µL/min/10^6 cells,3.0,0.47712125471966244,CC1(C)[C@H](C(=O)O)N2C(=O)C[C@H]2S1(=O)=O,CC1(C)[C@H](C(=O)O)N2C(=O)C[C@H]2S1(=O)=O,FKENQMMABCRJMK-RITPCOANSA-N,,,False,
TDC_Hepatocyte_AZ,in_vitro_CLint,human,hepatocyte,µL/min/10^6 cells,4.0,0.6020599913279624,O=C(NCC12CC3CC(CC(C3)C1)C2)c1cc(CN2CCNCC2)ccc1Cl,O=C(NCC12CC3CC(CC(C3)C1)C2)c1cc(CN2CCNCC2)ccc1Cl,VGXCGVFXXLXIIY-UHFFFAOYSA-N,,,False,
TDC_Hepatocyte_AZ,in_vitro_CLint,human,hepatocyte,µL/min/10^6 cells,150.0,2.1760912590556813,CCOc1ccc2nc3ccc(=O)cc-3oc2c1,CCOc1ccc2nc3ccc(=O)cc-3oc2c1,CRCWUBLTFGOMDD-UHFFFAOYSA-N,,,False,
TDC_Hepatocyte_AZ,in_vitro_CLint,human,hepatocyte,µL/min/10^6 cells,41.0,1.6127838567197355,Cn1cc(C2=C(c3cccc(NCC(O)CO)c3)C(=O)NC2=O)c2cc(F)ccc21,Cn1cc(C2=C(c3cccc(NCC(O)CO)c3)C(=O)NC2=O)c2cc(F)ccc21,RPGZQOOZHIEPJW-UHFFFAOYSA-N,,,False,
TDC_Hepatocyte_AZ,in_vitro_CLint,human,hepatocyte,µL/min/10^6 cells,46.0,1.662757831681574,Cc1nccn1CCC(C(N)=O)(c1ccccc1)c1ccccc1,Cc1nccn1CCC(C(N)=O)(c1ccccc1)c1ccccc1,SQKXYSGRELMAAU-UHFFFAOYSA-N,,,False,
TDC_Hepatocyte_AZ,in_vitro_CLint,human,hepatocyte,µL/min/10^6 cells,59.87,1.7772092581456849,CCC(CC)NC(=O)c1c(C)nn(C(C)C)c1NS(=O)(=O)c1ccc(C)cc1,CCC(CC)NC(=O)c1c(C)nn(C(C)C)c1NS(=O)(=O)c1ccc(C)cc1,ZKZJIFSDWOCTFN-UHFFFAOYSA-N,,,False,
TDC_Hepatocyte_AZ,in_vitro_CLint,human,hepatocyte,µL/min/10^6 cells,85.0,1.9294189257142926,CC1=C(C)C(=O)C(C(CCCCCC(=O)O)c2ccccc2)=C(C)C1=O,CC1=C(C)C(=O)C(C(CCCCCC(=O)O)c2ccccc2)=C(C)C1=O,ZBVKEHDGYSLCCC-UHFFFAOYSA-N,,,False,
TDC_Hepatocyte_AZ,in_vitro_CLint,human,hepatocyte,µL/min/10^6 cells,9.0,0.9542425094393249,C[C@H]1CN(Cc2cc(Cl)ccc2CC(=O)O)CCN1S(=O)(=O)Cc1ccccc1,C[C@H]1CN(Cc2cc(Cl)ccc2CC(=O)O)CCN1S(=O)(=O)Cc1ccccc1,USELGMAYVJTSGV-INIZCTEOSA-N,,,False,
TDC_Hepatocyte_AZ,in_vitro_CLint,human,hepatocyte,µL/min/10^6 cells,9.12,0.9599948383284161,O=C(Nc1ccccc1F)N[C@H]1N=C(c2ccccc2)c2ccccc2NC1=O,O=C(Nc1ccccc1F)N[C@H]1N=C(c2ccccc2)c2ccccc2NC1=O,MTPVBMVUENFFLL-HXUWFJFHSA-N,,,False,
TDC_Hepatocyte_AZ,in_vitro_CLint,human,hepatocyte,µL/min/10^6 cells,87.1,1.9400181550076632,C=CC(=O)Nc1ccc(C)cc1,C=CC(=O)Nc1ccc(C)cc1,CNXASKVINSMOTB-UHFFFAOYSA-N,,,False,
TDC_Hepatocyte_AZ,in_vitro_CLint,human,hepatocyte,µL/min/10^6 cells,32.36,1.5100085129402347,C=CC(=O)Nc1ccccc1,C=CC(=O)Nc1ccccc1,BPCNEKWROYSOLT-UHFFFAOYSA-N,,,False,
TDC_Hepatocyte_AZ,in_vitro_CLint,human,hepatocyte,µL/min/10^6 cells,91.0,1.9590413923210936,C[N+]1(C)CCC(OC(=O)C(O)(c2ccccc2)C2CCCC2)C1,C[N+]1(C)CCC(OC(=O)C(O)(c2ccccc2)C2CCCC2)C1,ANGKOCUUWGHLCE-UHFFFAOYSA-N,,,False,
TDC_Hepatocyte_AZ,in_vitro_CLint,human,hepatocyte,µL/min/10^6 cells,150.0,2.1760912590556813,CCCCN(CCNCCc1ccc(O)c2[nH]c(=O)sc12)C(=O)CCOCCc1ccccc1,CCCCN(CCNCCc1ccc(O)c2[nH]c(=O)sc12)C(=O)CCOCCc1ccccc1,HYUZZQZAVMPKLP-UHFFFAOYSA-N,,,False,
TDC_Hepatocyte_AZ,in_vitro_CLint,human,hepatocyte,µL/min/10^6 cells,3.24,0.5105450102066121,COc1cc2c(cc1-c1c(C)noc1C)ncc1[nH]c(=O)n([C@H](C)c3ccccn3)c12,COc1cc2c(cc1-c1c(C)noc1C)ncc1[nH]c(=O)n([C@H](C)c3ccccn3)c12,VUVUVNZRUGEAHB-CYBMUJFWSA-N,,,False,
TDC_Hepatocyte_AZ,in_vitro_CLint,human,hepatocyte,µL/min/10^6 cells,5.01,0.6998377258672457,Cc1nn(-c2ccc(F)cc2)c(NS(=O)(=O)c2ccc(C(F)(F)F)cc2)c1C(=O)N[C@@H](C)C(C)(C)C,Cc1nn(-c2ccc(F)cc2)c(NS(=O)(=O)c2ccc(C(F)(F)F)cc2)c1C(=O)N[C@@H](C)C(C)(C)C,UATKNSLTWCCYOI-HNNXBMFYSA-N,,,True,
TDC_Hepatocyte_AZ,in_vitro_CLint,human,hepatocyte,µL/min/10^6 cells,5.25,0.7201593034059569,CC(NC(=O)c1cc(O)nc2ccccc12)c1ccccc1,CC(NC(=O)c1cc(O)nc2ccccc12)c1ccccc1,BRQMAAYTTNWYKP-UHFFFAOYSA-N,,,False,
TDC_Hepatocyte_AZ,in_vitro_CLint,human,hepatocyte,µL/min/10^6 cells,5.75,0.7596678446896304,C[C@H](CO)Nc1nc(SCc2ccccc2F)nc2nc(N)sc12,C[C@H](CO)Nc1nc(SCc2ccccc2F)nc2nc(N)sc12,FFSHAZBWGKKFBM-MRVPVSSYSA-N,,,False,
TDC_Hepatocyte_AZ,in_vitro_CLint,human,hepatocyte,µL/min/10^6 cells,150.0,2.1760912590556813,CC(C)NCC(O)COc1cccc2[nH]ccc12,CC(C)NCC(O)COc1cccc2[nH]ccc12,JZQKKSLKJUAGIC-UHFFFAOYSA-N,,,False,
TDC_Hepatocyte_AZ,in_vitro_CLint,human,hepatocyte,µL/min/10^6 cells,150.0,2.1760912590556813,Cc1[nH]c2ccc(-c3nnc(SCC(=O)N4CCCc5ccccc54)o3)cc2c1C,Cc1[nH]c2ccc(-c3nnc(SCC(=O)N4CCCc5ccccc54)o3)cc2c1C,OLZPSAROTDJSNV-UHFFFAOYSA-N,,,False,
TDC_Hepatocyte_AZ,in_vitro_CLint,human,hepatocyte,µL/min/10^6 cells,42.66,1.63002085111341,Cc1cn([C@H]2CCCN([C@H](CC3CCCCC3)c3ccc(C(=O)O)c(Oc4cccc(Cl)c4)c3)C2)c(=O)[nH]c1=O,Cc1cn([C@H]2CCCN([C@H](CC3CCCCC3)c3ccc(C(=O)O)c(Oc4cccc(Cl)c4)c3)C2)c(=O)[nH]c1=O,KIAAPOUCAAGGMQ-RPLLCQBOSA-N,,,False,
TDC_Hepatocyte_AZ,in_vitro_CLint,human,hepatocyte,µL/min/10^6 cells,79.43,1.899984562549391,C=CC(=O)Nc1cccc(Oc2nc(Nc3ccc(N4CCN(C)CC4)cc3OC)ncc2Cl)c1,C=CC(=O)Nc1cccc(Oc2nc(Nc3ccc(N4CCN(C)CC4)cc3OC)ncc2Cl)c1,ITTRLTNMFYIYPA-UHFFFAOYSA-N,,,False,
TDC_Hepatocyte_AZ,in_vitro_CLint,human,hepatocyte,µL/min/10^6 cells,38.02,1.5800121125294244,C#CC[C@@H](C(=O)N[C@H](/C=C/C(=O)OCC)C[C@@H]1CCNC1=O)n1cccc(NC(=O)c2cc(C)on2)c1=O,C#CC[C@@H](C(=O)N[C@H](/C=C/C(=O)OCC)C[C@@H]1CCNC1=O)n1cccc(NC(=O)c2cc(C)on2)c1=O,QCUZOJBYWQPLIN-BNMFZAHFSA-N,,,False,
TDC_Hepatocyte_AZ,in_vitro_CLint,human,hepatocyte,µL/min/10^6 cells,138.04,2.140004950619449,COc1ccc(-c2nc3c(NCCCN(C)C(=O)C4CCC4)c(Br)cnc3[nH]2)cc1,COc1ccc(-c2nc3c(NCCCN(C)C(=O)C4CCC4)c(Br)cnc3[nH]2)cc1,OFEARPZEWOLQGZ-UHFFFAOYSA-N,,,False,
TDC_Hepatocyte_AZ,in_vitro_CLint,human,hepatocyte,µL/min/10^6 cells,139.0,2.143014800254095,O=C(Nc1ccccc1)c1ccc2cccc(O)c2n1,O=C(Nc1ccccc1)c1ccc2cccc(O)c2n1,GYAHBXGZADFXSP-UHFFFAOYSA-N,,,False,
TDC_Hepatocyte_AZ,in_vitro_CLint,human,hepatocyte,µL/min/10^6 cells,3.0,0.47712125471966244,CCCCCCCC(=O)N[C@@H](CCN)C(=O)N[C@H](C(=O)N[C@@H](CCN)C(=O)N[C@H]1CCNC(=O)[C@H](C)NC(=O)[C@H](CCN)NC(=O)[C@H](CCN)NC(=O)[C@H](CC(C)C)NC(=O)[C@@H](Cc2ccccc2)NC(=O)[C@H](CCN)NC1=O)[C@@H](C)O,CCCCCCCC(=O)N[C@@H](CCN)C(=O)N[C@H](C(=O)N[C@@H](CCN)C(=O)N[C@H]1CCNC(=O)[C@H](C)NC(=O)[C@H](CCN)NC(=O)[C@H](CCN)NC(=O)[C@H](CC(C)C)NC(=O)[C@@H](Cc2ccccc2)NC(=O)[C@H](CCN)NC1=O)[C@@H](C)O,VMJRKKZSPJEFBH-YNVBWGHWSA-N,,,False,
TDC_Hepatocyte_AZ,in_vitro_CLint,human,hepatocyte,µL/min/10^6 cells,3.0,0.47712125471966244,O=c1[nH]c2c(O)ccc([C@@H](O)CNCCSCCCNCCc3cccc(Cl)c3)c2s1,O=c1[nH]c2c(O)ccc([C@@H](O)CNCCSCCCNCCc3cccc(Cl)c3)c2s1,HZLLPPSEGLYDSB-IBGZPJMESA-N,,,False,
TDC_Hepatocyte_AZ,in_vitro_CLint,human,hepatocyte,µL/min/10^6 cells,3.0,0.47712125471966244,O=c1[nH]c2c(O)ccc([C@@H](O)CNCCc3cccc(CNCCc4ccccn4)c3)c2s1,O=c1[nH]c2c(O)ccc([C@@H](O)CNCCc3cccc(CNCCc4ccccn4)c3)c2s1,WWEHZPFFGZLBOV-QFIPXVFZSA-N,,,False,
TDC_Hepatocyte_AZ,in_vitro_CLint,human,hepatocyte,µL/min/10^6 cells,3.0,0.47712125471966244,CC1(C)[C@H](NC(=O)/C(=N\OCc2cc(=O)c(O)cn2O)c2csc(N)n2)C(=O)N1OS(=O)(=O)O,CC1(C)[C@H](NC(=O)/C(=N\OCc2cc(=O)c(O)cn2O)c2csc(N)n2)C(=O)N1OS(=O)(=O)O,KLFSEZJCLYBFKQ-WXYNYTDUSA-N,,,False,
TDC_Hepatocyte_AZ,in_vitro_CLint,human,hepatocyte,µL/min/10^6 cells,3.0,0.47712125471966244,NC1(c2ccc(-c3ncc4nccn4c3-c3ccccc3)cc2)CCC1,NC1(c2ccc(-c3ncc4nccn4c3-c3ccccc3)cc2)CCC1,YNWTXEUYEFVUCD-UHFFFAOYSA-N,,,False,
TDC_Hepatocyte_AZ,in_vitro_CLint,human,hepatocyte,µL/min/10^6 cells,3.0,0.47712125471966244,Oc1nc2ccccc2n1C1CCN(Cc2ccc(-c3nc4ccccc4cc3-c3ccccc3)cc2)CC1,Oc1nc2ccccc2n1C1CCN(Cc2ccc(-c3nc4ccccc4cc3-c3ccccc3)cc2)CC1,YYFLDZZDOUDZQM-UHFFFAOYSA-N,,,False,
TDC_Hepatocyte_AZ,in_vitro_CLint,human,hepatocyte,µL/min/10^6 cells,4.17,0.6201360549737575,O=C(O)c1cn(C2CC2)c2cc(N3CCNCC3)c(F)cc2c1=O,O=C(O)c1cn(C2CC2)c2cc(N3CCNCC3)c(F)cc2c1=O,MYSWGUAQZAJSOK-UHFFFAOYSA-N,,,False,
TDC_Hepatocyte_AZ,in_vitro_CLint,human,hepatocyte,µL/min/10^6 cells,150.0,2.1760912590556813,C=CCc1ccccc1OCC(O)CNC(C)C,C=CCc1ccccc1OCC(O)CNC(C)C,PAZJSJFMUHDSTF-UHFFFAOYSA-N,,,False,
TDC_Hepatocyte_AZ,in_vitro_CLint,human,hepatocyte,µL/min/10^6 cells,150.0,2.1760912590556813,C[C@@H](O)[C@H]1C(=O)N2C(C(=O)OCOC(=O)C(C)(C)C)=C(SC3CN(C4=NCCS4)C3)[C@H](C)[C@H]12,C[C@@H](O)[C@H]1C(=O)N2C(C(=O)OCOC(=O)C(C)(C)C)=C(SC3CN(C4=NCCS4)C3)[C@H](C)[C@H]12,SNUDIPVBUUXCDG-QHSBEEBCSA-N,,,False,
TDC_Hepatocyte_AZ,in_vitro_CLint,human,hepatocyte,µL/min/10^6 cells,150.0,2.1760912590556813,NC1(c2ccc(-c3nc4ccccn4c3-c3ccccc3)cc2)CCC1,NC1(c2ccc(-c3nc4ccccn4c3-c3ccccc3)cc2)CCC1,ABXVUGZVUCYNCO-UHFFFAOYSA-N,,,False,
TDC_Hepatocyte_AZ,in_vitro_CLint,human,hepatocyte,µL/min/10^6 cells,40.0,1.6020599913279623,COc1cccc2c1c(NS(=O)(=O)c1ccc(Cl)s1)nn2Cc1cccc(CNC(=O)C(C)(C)O)c1,COc1cccc2c1c(NS(=O)(=O)c1ccc(Cl)s1)nn2Cc1cccc(CNC(=O)C(C)(C)O)c1,YTEVTHHGQMUPHC-UHFFFAOYSA-N,,,False,
TDC_Hepatocyte_AZ,in_vitro_CLint,human,hepatocyte,µL/min/10^6 cells,47.91,1.6804261708581454,CCC(CC)NC(=O)c1cnn(-c2ccccc2)c1NS(=O)(=O)c1ccc(C)cc1,CCC(CC)NC(=O)c1cnn(-c2ccccc2)c1NS(=O)(=O)c1ccc(C)cc1,URRMAIUCAFIYAR-UHFFFAOYSA-N,,,False,
TDC_Hepatocyte_AZ,in_vitro_CLint,human,hepatocyte,µL/min/10^6 cells,15.3,1.1846914308175989,O=C(NCC12CC3CC(CC(C3)C1)C2)c1cc(-n2ncc(=O)[nH]c2=O)ccc1Cl,O=C(NCC12CC3CC(CC(C3)C1)C2)c1cc(-n2ncc(=O)[nH]c2=O)ccc1Cl,HMZMHYDSYWEFGN-UHFFFAOYSA-N,,,False,
TDC_Hepatocyte_AZ,in_vitro_CLint,human,hepatocyte,µL/min/10^6 cells,37.0,1.568201724066995,O=C(NCC12CC3CC(CC(C3)C1)C2)c1cc(-n2ncc(=O)[nH]c2=O)ccc1Cl,O=C(NCC12CC3CC(CC(C3)C1)C2)c1cc(-n2ncc(=O)[nH]c2=O)ccc1Cl,HMZMHYDSYWEFGN-UHFFFAOYSA-N,,,False,
TDC_Hepatocyte_AZ,in_vitro_CLint,human,hepatocyte,µL/min/10^6 cells,13.0,1.1139433523068367,C[C@H]1CN(Cc2cc(Cl)ccc2OCC(=O)O)CCN1C(=O)Cc1ccccc1Cl,C[C@H]1CN(Cc2cc(Cl)ccc2OCC(=O)O)CCN1C(=O)Cc1ccccc1Cl,KVMMUHZNDVGFAI-HNNXBMFYSA-N,,,False,
TDC_Hepatocyte_AZ,in_vitro_CLint,human,hepatocyte,µL/min/10^6 cells,95.5,1.9800033715837464,CC1(COc2cc(-c3cccc4c(=O)cc(N5CCOCC5)oc34)ccc2NC(=O)CN2CCOCC2)COC1,CC1(COc2cc(-c3cccc4c(=O)cc(N5CCOCC5)oc34)ccc2NC(=O)CN2CCOCC2)COC1,ZNRCBKKFSNMJEK-UHFFFAOYSA-N,,,False,
TDC_Hepatocyte_AZ,in_vitro_CLint,human,hepatocyte,µL/min/10^6 cells,33.88,1.5299434016586693,CC(C)(C)NC(=O)NCCN1CCN(CC(=O)NC23CC4CC(CC(C4)C2)C3)CC1,CC(C)(C)NC(=O)NCCN1CCN(CC(=O)NC23CC4CC(CC(C4)C2)C3)CC1,VZEDXJXJWSWRFK-UHFFFAOYSA-N,,,False,
TDC_Hepatocyte_AZ,in_vitro_CLint,human,hepatocyte,µL/min/10^6 cells,34.5,1.5378190950732742,COCc1ccoc1C(=O)N(c1ccc(OC)cc1OC)C(C(=O)NC[C@@H](C)O)c1ccccc1F,COCc1ccoc1C(=O)N(c1ccc(OC)cc1OC)C(C(=O)NC[C@@H](C)O)c1ccccc1F,FPGMKZRKIUKJOT-ADRQNKRLSA-N,,,False,
TDC_Hepatocyte_AZ,in_vitro_CLint,human,hepatocyte,µL/min/10^6 cells,36.31,1.5600262489128924,N#CC1(NC(=O)[C@@H]2CCCC[C@H]2C(=O)N2CCN(c3nccs3)CC2)CC1,N#CC1(NC(=O)[C@@H]2CCCC[C@H]2C(=O)N2CCN(c3nccs3)CC2)CC1,OCPZAFIMVGSBSN-HUUCEWRRSA-N,,,False,
TDC_Hepatocyte_AZ,in_vitro_CLint,human,hepatocyte,µL/min/10^6 cells,144.54,2.159988050381987,CCCCNc1cc(C(=O)O)cc(S(N)(=O)=O)c1Oc1ccccc1,CCCCNc1cc(C(=O)O)cc(S(N)(=O)=O)c1Oc1ccccc1,MAEIEVLCKWDQJH-UHFFFAOYSA-N,,,False,
TDC_Hepatocyte_AZ,in_vitro_CLint,human,hepatocyte,µL/min/10^6 cells,29.51,1.4699692094999595,O=C(Nc1cccc(-c2nnn[nH]2)c1)c1cc(O)cc(C(F)(F)F)c1,O=C(Nc1cccc(-c2nnn[nH]2)c1)c1cc(O)cc(C(F)(F)F)c1,PPQMGCPRNUKROD-UHFFFAOYSA-N,,,True,
TDC_Hepatocyte_AZ,in_vitro_CLint,human,hepatocyte,µL/min/10^6 cells,18.2,1.2600713879850747,COc1ccc(C#Cc2ccc([C@@H]3[C@H](CO)N4CCCCN(C(=O)Nc5cccc(F)c5)C[C@@H]34)cc2)cc1,COc1ccc(C#Cc2ccc([C@@H]3[C@H](CO)N4CCCCN(C(=O)Nc5cccc(F)c5)C[C@@H]34)cc2)cc1,NFUVCDACYBTMFH-DTXPUJKBSA-N,,,False,
TDC_Hepatocyte_AZ,in_vitro_CLint,human,hepatocyte,µL/min/10^6 cells,18.89,1.2762319579218335,COc1ccnc(CCc2nc3cccnc3[nH]2)c1,COc1ccnc(CCc2nc3cccnc3[nH]2)c1,YBOCDKFRGBOOFO-UHFFFAOYSA-N,,,False,
TDC_Hepatocyte_AZ,in_vitro_CLint,human,hepatocyte,µL/min/10^6 cells,19.05,1.2798949800116382,Nc1nc(-c2ccc(Cl)c(Cl)c2)c(-c2ccncc2)s1,Nc1nc(-c2ccc(Cl)c(Cl)c2)c(-c2ccncc2)s1,BEPGKLOHQTXUHX-UHFFFAOYSA-N,,,False,
TDC_Hepatocyte_AZ,in_vitro_CLint,human,hepatocyte,µL/min/10^6 cells,19.6,1.2922560713564761,N#Cc1ccc2[nH]c(-c3ccc(F)cc3)c(CCCC(=O)NS(N)(=O)=O)c2c1,N#Cc1ccc2[nH]c(-c3ccc(F)cc3)c(CCCC(=O)NS(N)(=O)=O)c2c1,REIWJOYRVJTUSV-UHFFFAOYSA-N,,,False,
TDC_Hepatocyte_AZ,in_vitro_CLint,human,hepatocyte,µL/min/10^6 cells,20.05,1.3021143769562011,COc1cccc(Nc2c(C(N)=O)cnc3c(C)cc(S(=O)(=O)c4cccc(C(=O)N(C)C)c4)cc23)c1,COc1cccc(Nc2c(C(N)=O)cnc3c(C)cc(S(=O)(=O)c4cccc(C(=O)N(C)C)c4)cc23)c1,JFHROPTYMMSOLG-UHFFFAOYSA-N,,,False,
TDC_Hepatocyte_AZ,in_vitro_CLint,human,hepatocyte,µL/min/10^6 cells,3.0,0.47712125471966244,C[C@H]1CN(Cc2cc(Cl)ccc2OCC(=O)O)CCN1C(=O)Cc1ccc(Cl)cc1,C[C@H]1CN(Cc2cc(Cl)ccc2OCC(=O)O)CCN1C(=O)Cc1ccc(Cl)cc1,BHZNGMOMDQDTGT-HNNXBMFYSA-N,,,False,
TDC_Hepatocyte_AZ,in_vitro_CLint,human,hepatocyte,µL/min/10^6 cells,6.17,0.7902851640332417,CN1C(=O)CN=C(c2ccccc2)c2cc(Cl)ccc21,CN1C(=O)CN=C(c2ccccc2)c2cc(Cl)ccc21,AAOVKJBEBIDNHE-UHFFFAOYSA-N,,,False,
TDC_Hepatocyte_AZ,in_vitro_CLint,human,hepatocyte,µL/min/10^6 cells,10.2,1.0086001717619175,Cc1cccc(CN2CCC3(CC2)CCN(C(=O)c2ccccc2)CC3)c1,Cc1cccc(CN2CCC3(CC2)CCN(C(=O)c2ccccc2)CC3)c1,BOXHESMXGWQKOM-UHFFFAOYSA-N,,,False,
TDC_Hepatocyte_AZ,in_vitro_CLint,human,hepatocyte,µL/min/10^6 cells,10.63,1.0265332645232967,Cc1cc(F)ccc1OC1CCN(CC2CCN([C@@](C)(Cc3ccc(F)cc3)C(=O)O)CC2)CC1,Cc1cc(F)ccc1OC1CCN(CC2CCN([C@@](C)(Cc3ccc(F)cc3)C(=O)O)CC2)CC1,LLEJNWFSXZIFMW-NDEPHWFRSA-N,,,False,
TDC_Hepatocyte_AZ,in_vitro_CLint,human,hepatocyte,µL/min/10^6 cells,25.33,1.403635189790548,O=C(Nc1ccccc1-c1ccccc1)OC1CCN(CCCCCCCCCNC[C@H](O)c2ccc(O)c3[nH]c(=O)ccc23)CC1,O=C(Nc1ccccc1-c1ccccc1)OC1CCN(CCCCCCCCCNC[C@H](O)c2ccc(O)c3[nH]c(=O)ccc23)CC1,NVEMUJANQDPDSC-DHUJRADRSA-N,,,False,
TDC_Hepatocyte_AZ,in_vitro_CLint,human,hepatocyte,µL/min/10^6 cells,28.84,1.4599952560473914,CCN1CCN(c2ccc(Nc3cc(N(C)C(=O)Nc4c(Cl)c(OC)cc(OC)c4Cl)ncn3)cc2)CC1,CCN1CCN(c2ccc(Nc3cc(N(C)C(=O)Nc4c(Cl)c(OC)cc(OC)c4Cl)ncn3)cc2)CC1,QADPYRIHXKWUSV-UHFFFAOYSA-N,,,False,
TDC_Hepatocyte_AZ,in_vitro_CLint,human,hepatocyte,µL/min/10^6 cells,34.0,1.5314789170422551,Cc1c(Sc2ccc(Cl)cc2)c2cc(F)ccc2n1CC(=O)O,Cc1c(Sc2ccc(Cl)cc2)c2cc(F)ccc2n1CC(=O)O,URTJMIVKGVYGCU-UHFFFAOYSA-N,,,False,
TDC_Hepatocyte_AZ,in_vitro_CLint,human,hepatocyte,µL/min/10^6 cells,107.15,2.0299921753778474,CC[C@H](CO)Nc1nc(NCc2ccccc2)c2ncn(C(C)C)c2n1,CC[C@H](CO)Nc1nc(NCc2ccccc2)c2ncn(C(C)C)c2n1,BTIHMVBBUGXLCJ-OAHLLOKOSA-N,,,False,
TDC_Hepatocyte_AZ,in_vitro_CLint,human,hepatocyte,µL/min/10^6 cells,150.0,2.1760912590556813,CSCCC(NC(=O)c1ccccc1)c1nc2ccccc2n1Cc1ccc(C#N)cc1,CSCCC(NC(=O)c1ccccc1)c1nc2ccccc2n1Cc1ccc(C#N)cc1,DHNKGZRZFTXMAC-UHFFFAOYSA-N,,,False,
TDC_Hepatocyte_AZ,in_vitro_CLint,human,hepatocyte,µL/min/10^6 cells,150.0,2.1760912590556813,C=CC(=O)Nc1ccc2ncnc(Nc3cccc(C)c3)c2c1,C=CC(=O)Nc1ccc2ncnc(Nc3cccc(C)c3)c2c1,AWQLTDUXGVCRBV-UHFFFAOYSA-N,,,False,
TDC_Hepatocyte_AZ,in_vitro_CLint,human,hepatocyte,µL/min/10^6 cells,150.0,2.1760912590556813,NCCc1ccc(O)c2nc(O)sc12,NCCc1ccc(O)c2nc(O)sc12,YPLJLRNXOFWVTL-UHFFFAOYSA-N,,,False,
TDC_Hepatocyte_AZ,in_vitro_CLint,human,hepatocyte,µL/min/10^6 cells,150.0,2.1760912590556813,CN(CCc1ccc(O)c2nc(O)sc12)CCN(C)C(=O)CCOCCc1ccccc1,CN(CCc1ccc(O)c2nc(O)sc12)CCN(C)C(=O)CCOCCc1ccccc1,XQAMTRGICPPPJO-UHFFFAOYSA-N,,,False,
TDC_Hepatocyte_AZ,in_vitro_CLint,human,hepatocyte,µL/min/10^6 cells,150.0,2.1760912590556813,CCOC(=O)c1c(C)n(Cc2ccco2)c2ccc(O)cc12,CCOC(=O)c1c(C)n(Cc2ccco2)c2ccc(O)cc12,VSCFCLMHARXISZ-UHFFFAOYSA-N,,,False,
TDC_Hepatocyte_AZ,in_vitro_CLint,human,hepatocyte,µL/min/10^6 cells,150.0,2.1760912590556813,c1csc(Cn2nnnc2CN2CCN(c3nc4ccccc4s3)CC2)c1,c1csc(Cn2nnnc2CN2CCN(c3nc4ccccc4s3)CC2)c1,MCRAHMXSTLFMGF-UHFFFAOYSA-N,,,False,
TDC_Hepatocyte_AZ,in_vitro_CLint,human,hepatocyte,µL/min/10^6 cells,150.0,2.1760912590556813,O=S(=O)(c1ccccc1)N1CCN(Cc2ccccc2)CC1,O=S(=O)(c1ccccc1)N1CCN(Cc2ccccc2)CC1,BLBMBKATZISMKR-UHFFFAOYSA-N,,,False,
TDC_Hepatocyte_AZ,in_vitro_CLint,human,hepatocyte,µL/min/10^6 cells,77.62,1.8899736384039962,O=C(Nc1nc2ccccc2s1)c1ccccc1,O=C(Nc1nc2ccccc2s1)c1ccccc1,FZVLVMRGZRRBFD-UHFFFAOYSA-N,,,False,
TDC_Hepatocyte_AZ,in_vitro_CLint,human,hepatocyte,µL/min/10^6 cells,40.0,1.6020599913279623,Cc1ccc(S(=O)(=O)Nc2c(C(=O)NCc3ccccc3)cnn2-c2ccccc2)cc1,Cc1ccc(S(=O)(=O)Nc2c(C(=O)NCc3ccccc3)cnn2-c2ccccc2)cc1,SRQAUOYUAKGJIN-UHFFFAOYSA-N,,,False,
TDC_Hepatocyte_AZ,in_vitro_CLint,human,hepatocyte,µL/min/10^6 cells,40.74,1.6100210246641453,O=C(N[C@H](Cc1ccc(Cl)cc1)C(=O)N1CCC(Cn2cncn2)(C2CCCCC2)CC1)[C@H]1Cc2ccccc2CN1,O=C(N[C@H](Cc1ccc(Cl)cc1)C(=O)N1CCC(Cn2cncn2)(C2CCCCC2)CC1)[C@H]1Cc2ccccc2CN1,HLCHESOMJVGDSJ-LOYHVIPDSA-N,,,False,
TDC_Hepatocyte_AZ,in_vitro_CLint,human,hepatocyte,µL/min/10^6 cells,42.66,1.63002085111341,Cc1ccc(-n2nc(C(C)(C)C)cc2NC(=O)Nc2ccc(OCCN3CCOCC3)c3ccccc23)cc1,Cc1ccc(-n2nc(C(C)(C)C)cc2NC(=O)Nc2ccc(OCCN3CCOCC3)c3ccccc23)cc1,MVCOAUNKQVWQHZ-UHFFFAOYSA-N,,,False,
TDC_Hepatocyte_AZ,in_vitro_CLint,human,hepatocyte,µL/min/10^6 cells,43.36,1.6370892735303304,CCOc1ccc(-n2c([C@@H](C)N(Cc3cccnc3)C(=O)Cc3ccc(C(F)(F)F)cc3)nc3ccccc3c2=O)cc1,CCOc1ccc(-n2c([C@@H](C)N(Cc3cccnc3)C(=O)Cc3ccc(C(F)(F)F)cc3)nc3ccccc3c2=O)cc1,BIGFWEQSIPWGGT-JOCHJYFZSA-N,,,True,
TDC_Hepatocyte_AZ,in_vitro_CLint,human,hepatocyte,µL/min/10^6 cells,3.0,0.47712125471966244,O=C(CO)N1CCC(c2[nH]nc(-c3ccc(Cl)cc3F)c2-c2ccncn2)CC1,O=C(CO)N1CCC(c2[nH]nc(-c3ccc(Cl)cc3F)c2-c2ccncn2)CC1,IGGNAIYXGIUMQZ-UHFFFAOYSA-N,,,False,
TDC_Hepatocyte_AZ,in_vitro_CLint,human,hepatocyte,µL/min/10^6 cells,66.07,1.8200043068083178,Cc1oc(-c2ccccc2)cc1C(=O)Nc1cccc(C(=O)O)c1,Cc1oc(-c2ccccc2)cc1C(=O)Nc1cccc(C(=O)O)c1,LKPBBFAJPOKZSN-UHFFFAOYSA-N,,,False,
TDC_Hepatocyte_AZ,in_vitro_CLint,human,hepatocyte,µL/min/10^6 cells,14.3,1.1553360374650619,CS(=O)(=O)NC(=O)CCCc1c(-c2ccc(F)cc2)[nH]c2ccc(C#N)cc12,CS(=O)(=O)NC(=O)CCCc1c(-c2ccc(F)cc2)[nH]c2ccc(C#N)cc12,OVTPSSRHMPJRCX-UHFFFAOYSA-N,,,False,
TDC_Hepatocyte_AZ,in_vitro_CLint,human,hepatocyte,µL/min/10^6 cells,16.6,1.2201080880400552,COc1ccc(C2CC(c3ccc(Br)cc3)=NN2C(C)=O)cc1,COc1ccc(C2CC(c3ccc(Br)cc3)=NN2C(C)=O)cc1,NBLGDQOVNUSYKN-UHFFFAOYSA-N,,,False,
TDC_Hepatocyte_AZ,in_vitro_CLint,human,hepatocyte,µL/min/10^6 cells,17.38,1.2400497721126476,Cc1ccc(-c2cc(C(F)(F)F)nn2-c2ccc(S(C)(=O)=O)cc2)cc1,Cc1ccc(-c2cc(C(F)(F)F)nn2-c2ccc(S(C)(=O)=O)cc2)cc1,VXPBYVGXCVDFLZ-UHFFFAOYSA-N,,,True,
TDC_Hepatocyte_AZ,in_vitro_CLint,human,hepatocyte,µL/min/10^6 cells,18.0,1.255272505103306,Cc1ccc(S(=O)(=O)Nc2c(C(=O)N[C@@H](C)C(C)(C)C)c(C)nn2CC(F)(F)F)cc1,Cc1ccc(S(=O)(=O)Nc2c(C(=O)N[C@@H](C)C(C)(C)C)c(C)nn2CC(F)(F)F)cc1,QSWGEOMEAZNPPB-AWEZNQCLSA-N,,,True,
TDC_Hepatocyte_AZ,in_vitro_CLint,human,hepatocyte,µL/min/10^6 cells,21.0,1.3222192947339193,CCOc1ccc2oc(C(=O)NC(CCSC)c3nc4cnccc4[nH]3)c(C)c2c1,CCOc1ccc2oc(C(=O)NC(CCSC)c3nc4cnccc4[nH]3)c(C)c2c1,MDIXZEBSCHRVDY-UHFFFAOYSA-N,,,False,
TDC_Hepatocyte_AZ,in_vitro_CLint,human,hepatocyte,µL/min/10^6 cells,21.0,1.3222192947339193,C[C@H](C(=O)O)c1cccc(C(=O)c2ccccc2)c1,C[C@H](C(=O)O)c1cccc(C(=O)c2ccccc2)c1,DKYWVDODHFEZIM-NSHDSACASA-N,,,False,
TDC_Hepatocyte_AZ,in_vitro_CLint,human,hepatocyte,µL/min/10^6 cells,21.3,1.3283796034387378,C[C@@H](C(=O)O)c1cccc(C(=O)c2ccccc2)c1,C[C@@H](C(=O)O)c1cccc(C(=O)c2ccccc2)c1,DKYWVDODHFEZIM-LLVKDONJSA-N,,,False,
TDC_Hepatocyte_AZ,in_vitro_CLint,human,hepatocyte,µL/min/10^6 cells,10.23,1.0098756337121602,NC1(c2ccc(-c3c(-c4ccccc4)ccc4ccnn34)cc2)CCC1,NC1(c2ccc(-c3c(-c4ccccc4)ccc4ccnn34)cc2)CCC1,GMINCAUYRPRHBG-UHFFFAOYSA-N,,,False,
TDC_Hepatocyte_AZ,in_vitro_CLint,human,hepatocyte,µL/min/10^6 cells,10.72,1.0301947853567512,C=CC(=O)Nc1ccc(OC)cc1,C=CC(=O)Nc1ccc(OC)cc1,YMHDGRAROYGJLT-UHFFFAOYSA-N,,,False,
TDC_Hepatocyte_AZ,in_vitro_CLint,human,hepatocyte,µL/min/10^6 cells,12.02,1.0799044676667207,c1ccc([C@H]([C@@H](c2ccccc2)N2CCCCC2)N2CCCCC2)cc1,c1ccc([C@H]([C@@H](c2ccccc2)N2CCCCC2)N2CCCCC2)cc1,MTYFDEYZRYWPAI-DNQXCXABSA-N,,,False,
TDC_Hepatocyte_AZ,in_vitro_CLint,human,hepatocyte,µL/min/10^6 cells,13.18,1.1199154102579911,NC1=Nc2ccccc2Sc2cccc(F)c21,NC1=Nc2ccccc2Sc2cccc(F)c21,PQWQVZVWCFLQGK-UHFFFAOYSA-N,,,False,
TDC_Hepatocyte_AZ,in_vitro_CLint,human,hepatocyte,µL/min/10^6 cells,38.02,1.5800121125294244,CCCNCC(O)COc1ccccc1C(=O)CCc1ccccc1,CCCNCC(O)COc1ccccc1C(=O)CCc1ccccc1,JWHAUXFOSRPERK-UHFFFAOYSA-N,,,False,
TDC_Hepatocyte_AZ,in_vitro_CLint,human,hepatocyte,µL/min/10^6 cells,85.11,1.9299805905155147,O=C(Nc1nc2ccccc2n1CCCO)c1cccc([N+](=O)[O-])c1,O=C(Nc1nc2ccccc2n1CCCO)c1cccc([N+](=O)[O-])c1,VBIYDORVDCFKHM-UHFFFAOYSA-N,,,False,
TDC_Hepatocyte_AZ,in_vitro_CLint,human,hepatocyte,µL/min/10^6 cells,91.2,1.9599948383284163,Cc1cccc(NC(=O)Nc2cccc3ccccc23)c1,Cc1cccc(NC(=O)Nc2cccc3ccccc23)c1,GBNNRDPSNNKGFH-UHFFFAOYSA-N,,,False,
TDC_Hepatocyte_AZ,in_vitro_CLint,human,hepatocyte,µL/min/10^6 cells,93.33,1.9700212658283658,Nc1ncnc2c1ncn2[C@@H]1O[C@H](CSCCCNC(=O)Nc2ccc(Cl)cc2)[C@@H](O)[C@H]1O,Nc1ncnc2c1ncn2[C@@H]1O[C@H](CSCCCNC(=O)Nc2ccc(Cl)cc2)[C@@H](O)[C@H]1O,JHOPUUXSVMTKFA-NVQRDWNXSA-N,,,False,
TDC_Hepatocyte_AZ,in_vitro_CLint,human,hepatocyte,µL/min/10^6 cells,104.71,2.019988159591285,CCOC(=O)C1=C(C)NC(C)=C(C(C)=O)[C@H]1c1cccc2c(=O)cc(C)oc12,CCOC(=O)C1=C(C)NC(C)=C(C(C)=O)[C@H]1c1cccc2c(=O)cc(C)oc12,DXCPBIXBBLLGOZ-HXUWFJFHSA-N,,,False,
TDC_Hepatocyte_AZ,in_vitro_CLint,human,hepatocyte,µL/min/10^6 cells,30.2,1.4800069429571505,CCOc1cc(Nc2nc3c(cc2F)ncn3[C@@H](CO)c2ccc(F)cn2)n[nH]1,CCOc1cc(Nc2nc3c(cc2F)ncn3[C@@H](CO)c2ccc(F)cn2)n[nH]1,LHUAYUBPRYGIMX-AWEZNQCLSA-N,,,False,
TDC_Hepatocyte_AZ,in_vitro_CLint,human,hepatocyte,µL/min/10^6 cells,13.0,1.1139433523068367,COc1cccc2c1c(NS(=O)(=O)c1ccc(Cl)s1)nn2Cc1cccc(CNC(C)=O)c1,COc1cccc2c1c(NS(=O)(=O)c1ccc(Cl)s1)nn2Cc1cccc(CNC(C)=O)c1,XJIPRGACXFXEME-UHFFFAOYSA-N,,,False,
TDC_Hepatocyte_AZ,in_vitro_CLint,human,hepatocyte,µL/min/10^6 cells,63.1,1.8000293592441343,C[C@@H]1CN(c2ccc(F)cc2C(F)(F)F)CCN1S(=O)(=O)c1ccc(C(N)=O)cc1Cl,C[C@@H]1CN(c2ccc(F)cc2C(F)(F)F)CCN1S(=O)(=O)c1ccc(C(N)=O)cc1Cl,OMWNFYWEMXUREB-LLVKDONJSA-N,,,True,
TDC_Hepatocyte_AZ,in_vitro_CLint,human,hepatocyte,µL/min/10^6 cells,3.0,0.47712125471966244,O=C(O)[C@H](Cc1ccc(F)cc1)N1CCC(CN2CCC(Oc3ccc(Cl)cc3)CC2)CC1,O=C(O)[C@H](Cc1ccc(F)cc1)N1CCC(CN2CCC(Oc3ccc(Cl)cc3)CC2)CC1,BATQCPTUBUKUDO-VWLOTQADSA-N,,,False,
TDC_Hepatocyte_AZ,in_vitro_CLint,human,hepatocyte,µL/min/10^6 cells,30.2,1.4800069429571505,Cc1noc2cc(N3CCN(C(=O)[C@@H]4CCCC[C@H]4C(=O)NC4(C#N)CC4)[C@H](C)C3)ccc12,Cc1noc2cc(N3CCN(C(=O)[C@@H]4CCCC[C@H]4C(=O)NC4(C#N)CC4)[C@H](C)C3)ccc12,MVLVSSYWLGSAFE-MAODMQOUSA-N,,,False,
TDC_Hepatocyte_AZ,in_vitro_CLint,human,hepatocyte,µL/min/10^6 cells,12.02,1.0799044676667207,CN[C@@H](C)C(=O)N[C@H](C(=O)N1CC[C@H]2CC[C@H](NC(=O)c3cccc4ccccc34)[C@H]21)C(C)(C)C,CN[C@@H](C)C(=O)N[C@H](C(=O)N1CC[C@H]2CC[C@H](NC(=O)c3cccc4ccccc34)[C@H]21)C(C)(C)C,FTXKVJPIFDKIID-YBAXTEPTSA-N,,,False,
TDC_Hepatocyte_AZ,in_vitro_CLint,human,hepatocyte,µL/min/10^6 cells,12.88,1.1099158630237933,CN(C)CCOc1cc(NS(=O)(=O)c2c(Cl)cc(C(F)(F)F)cc2Cl)ccc1Cl,CN(C)CCOc1cc(NS(=O)(=O)c2c(Cl)cc(C(F)(F)F)cc2Cl)ccc1Cl,UIZHOFJFIOCYLH-UHFFFAOYSA-N,,,True,
TDC_Hepatocyte_AZ,in_vitro_CLint,human,hepatocyte,µL/min/10^6 cells,16.98,1.2299376859079338,CN[C@@H](C)C(=O)N[C@H]1CN(C(=O)CC(C)C)CC[C@H]2CC[C@@H](C(=O)NC(c3ccccc3)c3ccccc3)N2C1=O,CN[C@@H](C)C(=O)N[C@H]1CN(C(=O)CC(C)C)CC[C@H]2CC[C@@H](C(=O)NC(c3ccccc3)c3ccccc3)N2C1=O,LSXUTRRVVSPWDZ-MKKUMYSQSA-N,,,False,
TDC_Hepatocyte_AZ,in_vitro_CLint,human,hepatocyte,µL/min/10^6 cells,16.98,1.2299376859079338,C[C@]1(O)C[C@@H](c2nc(-c3ccc4ccc(-c5ccccc5)nc4c3)c3c(N)nccn32)C1,C[C@]1(O)C[C@@H](c2nc(-c3ccc4ccc(-c5ccccc5)nc4c3)c3c(N)nccn32)C1,PKCDDUHJAFVJJB-VLZXCDOPSA-N,,,False,
TDC_Hepatocyte_AZ,in_vitro_CLint,human,hepatocyte,µL/min/10^6 cells,16.98,1.2299376859079338,CCCSc1c(C(=O)NC2CCCCC2)cnn1-c1cccc(C(=O)O)c1,CCCSc1c(C(=O)NC2CCCCC2)cnn1-c1cccc(C(=O)O)c1,BDZUZNJQNGZOIM-UHFFFAOYSA-N,,,False,
TDC_Hepatocyte_AZ,in_vitro_CLint,human,hepatocyte,µL/min/10^6 cells,18.2,1.2600713879850747,NS(=O)(=O)c1ccc(-n2nc(C(F)(F)F)cc2-c2ccc(C(F)(F)F)cc2)cc1,NS(=O)(=O)c1ccc(-n2nc(C(F)(F)F)cc2-c2ccc(C(F)(F)F)cc2)cc1,DVNKXAKWCCJBOO-UHFFFAOYSA-N,,,True,
TDC_Hepatocyte_AZ,in_vitro_CLint,human,hepatocyte,µL/min/10^6 cells,43.0,1.6334684555795864,C[C@H](Cc1cccc(CC(=O)NC23CC4CC(CC(C4)C2)C3)c1)NC[C@H](O)c1ccc(O)c(CO)c1,C[C@H](Cc1cccc(CC(=O)NC23CC4CC(CC(C4)C2)C3)c1)NC[C@H](O)c1ccc(O)c(CO)c1,AKGAYMDCLUSCDA-QLYZNEQGSA-N,,,False,
TDC_Hepatocyte_AZ,in_vitro_CLint,human,hepatocyte,µL/min/10^6 cells,45.71,1.6600112212893308,C[C@]12CC[C@H]3[C@@H](C=CC4=CC(=O)CC[C@@]43C)[C@@H]1CC[C@@]21CCC(=O)O1,C[C@]12CCC(=O)C=C1C=C[C@@H]1[C@@H]2CC[C@@]2(C)[C@H]1CC[C@@]21CCC(=O)O1,UJVLDDZCTMKXJK-WNHSNXHDSA-N,,,False,
TDC_Hepatocyte_AZ,in_vitro_CLint,human,hepatocyte,µL/min/10^6 cells,60.26,1.7800291273373383,Cc1cccc(-c2ccc(CNC(=O)CCCc3ccc4cccnc4n3)cc2)c1,Cc1cccc(-c2ccc(CNC(=O)CCCc3ccc4cccnc4n3)cc2)c1,PPGSCVIDQKFZTG-UHFFFAOYSA-N,,,False,
TDC_Hepatocyte_AZ,in_vitro_CLint,human,hepatocyte,µL/min/10^6 cells,64.0,1.806179973983887,C[C@@](C(=O)O[C@H]1C[N+]2(CC(=O)Nc3ccccn3)CCC1CC2)(c1ccccc1)N1CCCCC1,C[C@@](C(=O)O[C@H]1C[N+]2(CC(=O)Nc3ccccn3)CCC1CC2)(c1ccccc1)N1CCCCC1,BKNNXJKQQWVAHA-JSZRZZSISA-O,,,False,
TDC_Hepatocyte_AZ,in_vitro_CLint,human,hepatocyte,µL/min/10^6 cells,8.0,0.9030899869919435,Cc1ccc(S(=O)(=O)Nc2c(C(=O)N[C@@H](C)C(C)(C)C)c(C)nn2C2CCCCC2)cc1,Cc1ccc(S(=O)(=O)Nc2c(C(=O)N[C@@H](C)C(C)(C)C)c(C)nn2C2CCCCC2)cc1,FIMCKHZCISLYMQ-SFHVURJKSA-N,,,False,
TDC_Hepatocyte_AZ,in_vitro_CLint,human,hepatocyte,µL/min/10^6 cells,4.76,0.6776069527204931,Cc1c(Sc2ccc(Cl)cc2)c2c(NS(C)(=O)=O)cccc2n1CC(=O)O,Cc1c(Sc2ccc(Cl)cc2)c2c(NS(C)(=O)=O)cccc2n1CC(=O)O,PNYMKZXVOIBSMP-UHFFFAOYSA-N,,,False,
TDC_Hepatocyte_AZ,in_vitro_CLint,human,hepatocyte,µL/min/10^6 cells,5.37,0.7299742856995556,CS(=O)(=O)N1CCc2c(-c3cnc(N)nc3)nc(N3CCOCC3)nc21,CS(=O)(=O)N1CCc2c(-c3cnc(N)nc3)nc(N3CCOCC3)nc21,JEGHXKRHKHPBJD-UHFFFAOYSA-N,,,False,
TDC_Hepatocyte_AZ,in_vitro_CLint,human,hepatocyte,µL/min/10^6 cells,5.62,0.7497363155690611,Nc1[nH]ncc1-c1cc(Cl)ccc1Oc1cc(F)c(S(=O)(=O)Nc2cscn2)cc1Cl,Nc1[nH]ncc1-c1cc(Cl)ccc1Oc1cc(F)c(S(=O)(=O)Nc2cscn2)cc1Cl,ZYSCOUXLBXGGIM-UHFFFAOYSA-N,,,False,
TDC_Hepatocyte_AZ,in_vitro_CLint,human,hepatocyte,µL/min/10^6 cells,19.44,1.2886962605902559,O=c1[nH]c2c(O)ccc([C@@H](O)CNCCSCCCNCCc3cccc(Cl)c3Cl)c2s1,O=c1[nH]c2c(O)ccc([C@@H](O)CNCCSCCCNCCc3cccc(Cl)c3Cl)c2s1,PEVWKBRNDRRBCW-SFHVURJKSA-N,,,False,
TDC_Hepatocyte_AZ,in_vitro_CLint,human,hepatocyte,µL/min/10^6 cells,10.0,1.0,Cc1cc(OCCCS(C)(=O)=O)cc(C)c1-c1cccc(COc2ccc3c(c2)OC[C@H]3CC(=O)O)c1,Cc1cc(OCCCS(C)(=O)=O)cc(C)c1-c1cccc(COc2ccc3c(c2)OC[C@H]3CC(=O)O)c1,BZCALJIHZVNMGJ-HSZRJFAPSA-N,,,False,
TDC_Hepatocyte_AZ,in_vitro_CLint,human,hepatocyte,µL/min/10^6 cells,87.0,1.9395192526186185,COc1ccc(N(C(=O)c2occc2C)C(C(=O)NC[C@@H](C)O)c2ccccc2F)c(OC)c1,COc1ccc(N(C(=O)c2occc2C)C(C(=O)NC[C@@H](C)O)c2ccccc2F)c(OC)c1,ZOZNPPIZIQFCCS-XESZBRCGSA-N,,,False,
TDC_Hepatocyte_AZ,in_vitro_CLint,human,hepatocyte,µL/min/10^6 cells,13.0,1.1139433523068367,O=C(NCC12CC3CC(CC(C3)C1)C2)c1c(Cl)ccc2nc(N3CCC[C@H](NCCc4nnn[nH]4)C3)ccc12,O=C(NCC12CC3CC(CC(C3)C1)C2)c1c(Cl)ccc2nc(N3CCC[C@H](NCCc4nnn[nH]4)C3)ccc12,CZOLYIGPNKZOTG-CKMRVLJOSA-N,,,False,
TDC_Hepatocyte_AZ,in_vitro_CLint,human,hepatocyte,µL/min/10^6 cells,13.49,1.1300119496719043,CCC(CC)NC(=O)c1c(C)nn(-c2ccccc2)c1NS(=O)(=O)c1ccc(C)cc1,CCC(CC)NC(=O)c1c(C)nn(-c2ccccc2)c1NS(=O)(=O)c1ccc(C)cc1,ZTQBRVRSKFXKGM-UHFFFAOYSA-N,,,False,
TDC_Hepatocyte_AZ,in_vitro_CLint,human,hepatocyte,µL/min/10^6 cells,21.88,1.3400473176613932,CNC(=O)c1c(F)cccc1Nc1nc(Nc2cc3c(cc2OC)CCN3C(=O)CN(C)C)nc2[nH]ccc12,CNC(=O)c1c(F)cccc1Nc1nc(Nc2cc3c(cc2OC)CCN3C(=O)CN(C)C)nc2[nH]ccc12,HZTYDQRUAWIZRE-UHFFFAOYSA-N,,,False,
TDC_Hepatocyte_AZ,in_vitro_CLint,human,hepatocyte,µL/min/10^6 cells,28.18,1.4499409887733377,Cc1nc(Nc2ncc(C(=O)Nc3c(C)cccc3Cl)s2)cc(N2CCN(CCO)CC2)n1,Cc1nc(Nc2ncc(C(=O)Nc3c(C)cccc3Cl)s2)cc(N2CCN(CCO)CC2)n1,ZBNZXTGUTAYRHI-UHFFFAOYSA-N,,,False,
TDC_Hepatocyte_AZ,in_vitro_CLint,human,hepatocyte,µL/min/10^6 cells,28.18,1.4499409887733377,Cc1c(C)c2c(c(C)c1O)CCC(C)(COc1ccc(CC3SC(=O)NC3=O)cc1)O2,Cc1c(C)c2c(c(C)c1O)CCC(C)(COc1ccc(CC3SC(=O)NC3=O)cc1)O2,GXPHKUHSUJUWKP-UHFFFAOYSA-N,,,False,
TDC_Hepatocyte_AZ,in_vitro_CLint,human,hepatocyte,µL/min/10^6 cells,30.9,1.4899584794248346,CC(=O)N1N=C(c2ccc(Br)cc2)CC1c1ccc(C)cc1,CC(=O)N1N=C(c2ccc(Br)cc2)CC1c1ccc(C)cc1,AHQIVJMZARILIG-UHFFFAOYSA-N,,,False,
TDC_Hepatocyte_AZ,in_vitro_CLint,human,hepatocyte,µL/min/10^6 cells,31.62,1.4999618655961902,Cc1ccc(CO)cc1N(C)c1ccnc(Nc2cc(N3CCOCC3)cc(N3CCOCC3)c2)n1,Cc1ccc(CO)cc1N(C)c1ccnc(Nc2cc(N3CCOCC3)cc(N3CCOCC3)c2)n1,BUHNODQEWUMKMH-UHFFFAOYSA-N,,,False,
TDC_Hepatocyte_AZ,in_vitro_CLint,human,hepatocyte,µL/min/10^6 cells,32.36,1.5100085129402347,Cc1nn(-c2ccccc2)c(N)c1-c1ccccc1,Cc1nn(-c2ccccc2)c(N)c1-c1ccccc1,DMKCZUXCQWLBOI-UHFFFAOYSA-N,,,False,
TDC_Hepatocyte_AZ,in_vitro_CLint,human,hepatocyte,µL/min/10^6 cells,46.0,1.662757831681574,O=c1cc(-c2cccnc2)[nH]c2cc(C(O)c3ccccc3)ccc12,O=c1cc(-c2cccnc2)[nH]c2cc(C(O)c3ccccc3)ccc12,JUCHZXYUHOLVCC-UHFFFAOYSA-N,,,False,
TDC_Hepatocyte_AZ,in_vitro_CLint,human,hepatocyte,µL/min/10^6 cells,72.44,1.8599784416420209,Nc1nnc(CCSCCc2nnc(NC(=O)Cc3ccccc3)s2)s1,Nc1nnc(CCSCCc2nnc(NC(=O)Cc3ccccc3)s2)s1,SWXIKLMDWGQGKU-UHFFFAOYSA-N,,,False,
TDC_Hepatocyte_AZ,in_vitro_CLint,human,hepatocyte,µL/min/10^6 cells,77.0,1.8864907251724818,C[C@@](C(=O)O[C@H]1C[N+]2(CCOCCc3ccccc3)CCC1CC2)(c1ccccc1)N1CCCCC1,C[C@@](C(=O)O[C@H]1C[N+]2(CCOCCc3ccccc3)CCC1CC2)(c1ccccc1)N1CCCCC1,RUOCWECVFHBXNS-QKZQWPARSA-N,,,False,
TDC_Hepatocyte_AZ,in_vitro_CLint,human,hepatocyte,µL/min/10^6 cells,27.54,1.4399639359209049,O=C(N[C@H](Cc1ccc(Cl)cc1)C(=O)N1CCC(Cn2cncn2)(C2CCCCC2)CC1)[C@H]1Cc2ccccc2CN1,O=C(N[C@H](Cc1ccc(Cl)cc1)C(=O)N1CCC(Cn2cncn2)(C2CCCCC2)CC1)[C@H]1Cc2ccccc2CN1,HLCHESOMJVGDSJ-LOYHVIPDSA-N,,,False,
TDC_Hepatocyte_AZ,in_vitro_CLint,human,hepatocyte,µL/min/10^6 cells,10.96,1.0398105541483504,O=c1[nH]c2cc(Cl)ccc2o1,O=c1[nH]c2cc(Cl)ccc2o1,TZFWDZFKRBELIQ-UHFFFAOYSA-N,,,False,
TDC_Hepatocyte_AZ,in_vitro_CLint,human,hepatocyte,µL/min/10^6 cells,17.38,1.2400497721126476,O=C(O)CC[C@@H](Cc1ccc(OCc2ccccc2)cc1)NC(=O)CCCCCCc1ccccc1,O=C(O)CC[C@@H](Cc1ccc(OCc2ccccc2)cc1)NC(=O)CCCCCCc1ccccc1,KWLUIYFCMHKLKY-NDEPHWFRSA-N,,,False,
TDC_Hepatocyte_AZ,in_vitro_CLint,human,hepatocyte,µL/min/10^6 cells,9.77,0.989894563718773,CC1(C)CCC(c2ccc(Cl)cc2)=C(CN2CCN(c3ccc(C(=O)NS(=O)(=O)c4ccc(N[C@H](CCN5CCOCC5)CSc5ccccc5)c(S(=O)(=O)C(F)(F)F)c4)cc3)CC2)C1,CC1(C)CCC(c2ccc(Cl)cc2)=C(CN2CCN(c3ccc(C(=O)NS(=O)(=O)c4ccc(N[C@H](CCN5CCOCC5)CSc5ccccc5)c(S(=O)(=O)C(F)(F)F)c4)cc3)CC2)C1,JLYAXFNOILIKPP-KXQOOQHDSA-N,,,True,
TDC_Hepatocyte_AZ,in_vitro_CLint,human,hepatocyte,µL/min/10^6 cells,10.0,1.0,CCC[C@H]1CN(Cc2cc(Cl)ccc2OCC(=O)O)CCN1S(=O)(=O)c1ccccc1,CCC[C@H]1CN(Cc2cc(Cl)ccc2OCC(=O)O)CCN1S(=O)(=O)c1ccccc1,SZXBYKZAJAJDDC-IBGZPJMESA-N,,,False,
TDC_Hepatocyte_AZ,in_vitro_CLint,human,hepatocyte,µL/min/10^6 cells,69.18,1.8399805576783428,Cc1oc(=O)oc1CN1CCN(c2cc3c(cc2F)c(=O)c(C(=O)O)c2n3C(C)S2)CC1,Cc1oc(=O)oc1CN1CCN(c2cc3c(cc2F)c(=O)c(C(=O)O)c2n3C(C)S2)CC1,PWNMXPDKBYZCOO-UHFFFAOYSA-N,,,False,
TDC_Hepatocyte_AZ,in_vitro_CLint,human,hepatocyte,µL/min/10^6 cells,73.0,1.863322860120456,CCc1nn(C2CCCC2)c2c1CCn1c(-c3cccs3)nnc1-2,CCc1nn(C2CCCC2)c2c1CCn1c(-c3cccs3)nnc1-2,DHCOPPHTVOXDKU-UHFFFAOYSA-N,,,False,
TDC_Hepatocyte_AZ,in_vitro_CLint,human,hepatocyte,µL/min/10^6 cells,82.0,1.9138138523837167,C[C@@](C(=O)O[C@H]1C[N+]2(CCCc3ccncc3)CCC1CC2)(c1ccccc1)N1CCCCC1,C[C@@](C(=O)O[C@H]1C[N+]2(CCCc3ccncc3)CCC1CC2)(c1ccccc1)N1CCCCC1,NZBUIVFAQJILBU-NGWQEONKSA-N,,,False,
TDC_Hepatocyte_AZ,in_vitro_CLint,human,hepatocyte,µL/min/10^6 cells,89.13,1.9500239065233265,Cc1cc(C)cc(-c2nnc(SCC(=O)N3CCN(C(=O)c4ccco4)CC3)o2)c1,Cc1cc(C)cc(-c2nnc(SCC(=O)N3CCN(C(=O)c4ccco4)CC3)o2)c1,NOKICSONZNLCHY-UHFFFAOYSA-N,,,False,
TDC_Hepatocyte_AZ,in_vitro_CLint,human,hepatocyte,µL/min/10^6 cells,91.0,1.9590413923210936,CC[C@H](N)C(=O)N[C@H](C#N)Cc1ccc(-c2ccccc2)cc1,CC[C@H](N)C(=O)N[C@H](C#N)Cc1ccc(-c2ccccc2)cc1,DPOJEFZKFIWUGN-ROUUACIJSA-N,,,False,
TDC_Hepatocyte_AZ,in_vitro_CLint,human,hepatocyte,µL/min/10^6 cells,107.15,2.0299921753778474,CC/C(=C(\c1ccccc1)c1ccc(/C=C/C(=O)O)cc1)c1ccccc1,CC/C(=C(\c1ccccc1)c1ccc(/C=C/C(=O)O)cc1)c1ccccc1,HJQQVNIORAQATK-DDJBQNAASA-N,,,False,
TDC_Hepatocyte_AZ,in_vitro_CLint,human,hepatocyte,µL/min/10^6 cells,114.82,2.0600175425316003,COCC1=C(C(=O)OC(C)OC(=O)OC(C)C)N2C(=O)[C@@H](NC(=O)/C(=N\OC)c3csc(N)n3)[C@H]2SC1,COCC1=C(C(=O)OC(C)OC(=O)OC(C)C)N2C(=O)[C@@H](NC(=O)/C(=N\OC)c3csc(N)n3)[C@H]2SC1,LTINZAODLRIQIX-FBXRGJNPSA-N,,,False,
TDC_Hepatocyte_AZ,in_vitro_CLint,human,hepatocyte,µL/min/10^6 cells,121.0,2.0827853703164503,Cc1ncc2n1-c1ccc(Cl)cc1C(c1ccccc1F)=NC2,Cc1ncc2n1-c1ccc(Cl)cc1C(c1ccccc1F)=NC2,DDLIGBOFAVUZHB-UHFFFAOYSA-N,,,False,
TDC_Hepatocyte_AZ,in_vitro_CLint,human,hepatocyte,µL/min/10^6 cells,125.89,2.0999912335446846,COC(=O)C1=C(C)NC(C)=C(C(=O)OC(C)C)[C@@H]1c1cccc2nonc12,COC(=O)C1=C(C)NC(C)=C(C(=O)OC(C)C)[C@@H]1c1cccc2nonc12,HMJIYCCIJYRONP-MRXNPFEDSA-N,,,False,
TDC_Hepatocyte_AZ,in_vitro_CLint,human,hepatocyte,µL/min/10^6 cells,129.0,2.110589710299249,Cc1nc2ncnn2c(O)c1CCOC(=O)c1ccccc1F,Cc1nc2ncnn2c(O)c1CCOC(=O)c1ccccc1F,DIYAIZWRVOIBCZ-UHFFFAOYSA-N,,,False,
TDC_Hepatocyte_AZ,in_vitro_CLint,human,hepatocyte,µL/min/10^6 cells,135.0,2.130333768495006,CCN(CCNCCc1ccc(O)c2[nH]c(=O)sc12)C(=O)CCOCCc1ccccc1,CCN(CCNCCc1ccc(O)c2[nH]c(=O)sc12)C(=O)CCOCCc1ccccc1,UBQPAESFNPFFSQ-UHFFFAOYSA-N,,,False,
TDC_Hepatocyte_AZ,in_vitro_CLint,human,hepatocyte,µL/min/10^6 cells,149.0,2.173186268412274,O=C(Nc1ccc(F)cc1)c1ccc(Cl)[n+]([O-])c1,O=C(Nc1ccc(F)cc1)c1ccc(Cl)[n+]([O-])c1,MEWOMDUCJFJDGL-UHFFFAOYSA-N,,,False,
TDC_Hepatocyte_AZ,in_vitro_CLint,human,hepatocyte,µL/min/10^6 cells,29.0,1.462397997898956,COc1ccccc1CCNCc1ccc(CCNC[C@H](O)c2ccc(O)c3[nH]c(=O)sc23)cc1,COc1ccccc1CCNCc1ccc(CCNC[C@H](O)c2ccc(O)c3[nH]c(=O)sc23)cc1,YOCAICFOALLBEO-QHCPKHFHSA-N,,,False,
TDC_Hepatocyte_AZ,in_vitro_CLint,human,hepatocyte,µL/min/10^6 cells,18.62,1.2699796766453237,O=C(CN1CCOCC1)Nc1ccc(-c2cccc3c(=O)cc(N4CCOCC4)oc23)cc1O,O=C(CN1CCOCC1)Nc1ccc(-c2cccc3c(=O)cc(N4CCOCC4)oc23)cc1O,UAFBQETUXPWPCQ-UHFFFAOYSA-N,,,False,
TDC_Hepatocyte_AZ,in_vitro_CLint,human,hepatocyte,µL/min/10^6 cells,51.0,1.7075701760979363,Cc1ccc(S(=O)(=O)Nc2c(C(=O)NC(C)C)c(C)nn2-c2ccccc2)cc1,Cc1ccc(S(=O)(=O)Nc2c(C(=O)NC(C)C)c(C)nn2-c2ccccc2)cc1,ZHZJHDVPDAOZPP-UHFFFAOYSA-N,,,False,
TDC_Hepatocyte_AZ,in_vitro_CLint,human,hepatocyte,µL/min/10^6 cells,59.0,1.7708520116421442,COc1ccc(N(C(=O)c2occc2Cl)C(C(=O)NC[C@@H](C)O)c2ccccc2F)c(OC)c1,COc1ccc(N(C(=O)c2occc2Cl)C(C(=O)NC[C@@H](C)O)c2ccccc2F)c(OC)c1,VDSCLGPCJYTMEO-CKAQCJTGSA-N,,,False,
TDC_Hepatocyte_AZ,in_vitro_CLint,human,hepatocyte,µL/min/10^6 cells,6.76,0.829946695941636,CN1CCN(CC(=O)N2c3ccccc3C(=O)Nc3cccnc32)CC1,CN1CCN(CC(=O)N2c3ccccc3C(=O)Nc3cccnc32)CC1,RMHMFHUVIITRHF-UHFFFAOYSA-N,,,False,
TDC_Hepatocyte_AZ,in_vitro_CLint,human,hepatocyte,µL/min/10^6 cells,3.0,0.47712125471966244,C[C@H]1COc2c(N3CCN(C)CC3)c(F)cc3c(=O)c(C(=O)O)cn1c23,C[C@H]1COc2c(N3CCN(C)CC3)c(F)cc3c(=O)c(C(=O)O)cn1c23,GSDSWSVVBLHKDQ-JTQLQIEISA-N,,,False,
TDC_Hepatocyte_AZ,in_vitro_CLint,human,hepatocyte,µL/min/10^6 cells,6.0,0.7781512503836436,O=c1[nH]c2c(O)ccc([C@@H](O)CNCCSCCCNCCc3cccc(C(F)(F)F)c3)c2s1,O=c1[nH]c2c(O)ccc([C@@H](O)CNCCSCCCNCCc3cccc(C(F)(F)F)c3)c2s1,FKVLSJZELYFVGN-IBGZPJMESA-N,,,True,
TDC_Hepatocyte_AZ,in_vitro_CLint,human,hepatocyte,µL/min/10^6 cells,13.18,1.1199154102579911,C[C@H](NC(=O)c1cccc2c1N(Cc1ccc(Cl)cc1)CC2)c1ccc(C(=O)O)cc1,C[C@H](NC(=O)c1cccc2c1N(Cc1ccc(Cl)cc1)CC2)c1ccc(C(=O)O)cc1,CMCWSTGGSPSOCO-INIZCTEOSA-N,,,False,
TDC_Hepatocyte_AZ,in_vitro_CLint,human,hepatocyte,µL/min/10^6 cells,7.94,0.8998205024270963,Cn1c(-c2ccccc2C(F)(F)F)nnc1C12CCC(c3noc(-c4ccc(F)cc4)n3)(CC1)CC2,Cn1c(-c2ccccc2C(F)(F)F)nnc1C12CCC(c3noc(-c4ccc(F)cc4)n3)(CC1)CC2,AFADWEMXXIYGCL-UHFFFAOYSA-N,,,True,
TDC_Hepatocyte_AZ,in_vitro_CLint,human,hepatocyte,µL/min/10^6 cells,19.95,1.299942900022767,NC(=O)N1c2ccccc2C=Cc2ccccc21,NC(=O)N1c2ccccc2C=Cc2ccccc21,FFGPTBGBLSHEPO-UHFFFAOYSA-N,,,False,
TDC_Hepatocyte_AZ,in_vitro_CLint,human,hepatocyte,µL/min/10^6 cells,19.95,1.299942900022767,COc1cc(C(CO)CO)ccc1Nc1ncc(Cl)c(-c2cnc3ccccn23)n1,COc1cc(C(CO)CO)ccc1Nc1ncc(Cl)c(-c2cnc3ccccn23)n1,IYWMYJHOIKQQFA-UHFFFAOYSA-N,,,False,
TDC_Hepatocyte_AZ,in_vitro_CLint,human,hepatocyte,µL/min/10^6 cells,6.17,0.7902851640332417,Cc1ccc(S(=O)(=O)N2N=Cc3ccccc3B2O)cc1,Cc1ccc(S(=O)(=O)N2N=Cc3ccccc3B2O)cc1,UQIDNSKBUXCODH-UHFFFAOYSA-N,,,False,
TDC_Hepatocyte_AZ,in_vitro_CLint,human,hepatocyte,µL/min/10^6 cells,7.0,0.8450980400142568,CC1CN(S(=O)(=O)c2ccccc2)CCN1Cc1cc(Cl)ccc1OCC(=O)O,CC1CN(S(=O)(=O)c2ccccc2)CCN1Cc1cc(Cl)ccc1OCC(=O)O,KQVTZYFUHDWJOQ-UHFFFAOYSA-N,,,False,
TDC_Hepatocyte_AZ,in_vitro_CLint,human,hepatocyte,µL/min/10^6 cells,8.0,0.9030899869919435,COC[C@@H](O)Cn1c(=O)cnn(-c2ccc(Cl)c(C(=O)NCC3(O)CCCCCC3)c2)c1=O,COC[C@@H](O)Cn1c(=O)cnn(-c2ccc(Cl)c(C(=O)NCC3(O)CCCCCC3)c2)c1=O,FUCKCIVGBCBZNP-INIZCTEOSA-N,,,False,
TDC_Hepatocyte_AZ,in_vitro_CLint,human,hepatocyte,µL/min/10^6 cells,44.0,1.6434526764861874,CN(C)S(=O)(=O)NC(=O)CCCc1c(-c2ccc(F)cc2)[nH]c2ccc(C#N)cc12,CN(C)S(=O)(=O)NC(=O)CCCc1c(-c2ccc(F)cc2)[nH]c2ccc(C#N)cc12,ANXLTXNOZIKJSV-UHFFFAOYSA-N,,,False,
TDC_Hepatocyte_AZ,in_vitro_CLint,human,hepatocyte,µL/min/10^6 cells,50.12,1.7000110623221123,CO[C@H]1C[C@@H]2CC[C@@H](C)[C@@](O)(O2)C(=O)C(=O)N2CCCC[C@H]2C(=O)O[C@H]([C@H](C)C[C@@H]2CC[C@@H](O)[C@H](OC)C2)CC(=O)[C@H](C)/C=C(\C)[C@@H](O)[C@@H](OC)C(=O)[C@H](C)C[C@H](C)/C=C/C=C/C=C/1C,CO[C@H]1C[C@@H]2CC[C@@H](C)[C@@](O)(O2)C(=O)C(=O)N2CCCC[C@H]2C(=O)O[C@H]([C@H](C)C[C@@H]2CC[C@@H](O)[C@H](OC)C2)CC(=O)[C@H](C)/C=C(\C)[C@@H](O)[C@@H](OC)C(=O)[C@H](C)C[C@H](C)/C=C/C=C/C=C/1C,QFJCIRLUMZQUOT-HPLJOQBZSA-N,,,False,
TDC_Hepatocyte_AZ,in_vitro_CLint,human,hepatocyte,µL/min/10^6 cells,56.0,1.7481880270062005,CCC(CC)NC(=O)c1nnn(-c2ccccc2)c1NS(=O)(=O)c1ccc(C)cc1,CCC(CC)NC(=O)c1nnn(-c2ccccc2)c1NS(=O)(=O)c1ccc(C)cc1,ZAEOSRJQGLBEGF-UHFFFAOYSA-N,,,False,
TDC_Hepatocyte_AZ,in_vitro_CLint,human,hepatocyte,µL/min/10^6 cells,56.23,1.749968083509403,Clc1ccccc1CN1CCc2sccc2C1,Clc1ccccc1CN1CCc2sccc2C1,PHWBOXQYWZNQIN-UHFFFAOYSA-N,,,False,
TDC_Hepatocyte_AZ,in_vitro_CLint,human,hepatocyte,µL/min/10^6 cells,60.0,1.7781512503836436,C[C@@](C(=O)O[C@H]1C[N+]2(CCOc3ccc(Cl)cc3)CCC1CC2)(c1ccccc1)N1CCCCC1,C[C@@](C(=O)O[C@H]1C[N+]2(CCOc3ccc(Cl)cc3)CCC1CC2)(c1ccccc1)N1CCCCC1,MKXOEYWYQYOBEQ-BNAAVTMESA-N,,,False,
TDC_Hepatocyte_AZ,in_vitro_CLint,human,hepatocyte,µL/min/10^6 cells,61.66,1.7900035203904894,Nc1ccc2c(c1)Cc1cc(N)ccc1-2,Nc1ccc2c(c1)Cc1cc(N)ccc1-2,SNCJAJRILVFXAE-UHFFFAOYSA-N,,,False,
TDC_Hepatocyte_AZ,in_vitro_CLint,human,hepatocyte,µL/min/10^6 cells,16.0,1.2041199826559248,COc1cccc2c1c(NS(=O)(=O)c1ccc(Cl)s1)nn2Cc1cccc(CNC(=O)[C@H]2COCCN2)c1,COc1cccc2c1c(NS(=O)(=O)c1ccc(Cl)s1)nn2Cc1cccc(CNC(=O)[C@H]2COCCN2)c1,BRKCAVQLAJCUTK-GOSISDBHSA-N,,,False,
TDC_Hepatocyte_AZ,in_vitro_CLint,human,hepatocyte,µL/min/10^6 cells,19.0,1.2787536009528289,O=c1[nH]c2c(O)ccc([C@@H](O)CNCCc3cccc(CNCCCc4ccccc4)c3)c2s1,O=c1[nH]c2c(O)ccc([C@@H](O)CNCCc3cccc(CNCCCc4ccccc4)c3)c2s1,GVJALQHQZPOADA-DEOSSOPVSA-N,,,False,
TDC_Hepatocyte_AZ,in_vitro_CLint,human,hepatocyte,µL/min/10^6 cells,19.5,1.290034611362518,CNc1nc(C)c(-c2nc(Nc3cccc(N4CCCNCC4)c3)ncc2C#N)s1,CNc1nc(C)c(-c2nc(Nc3cccc(N4CCCNCC4)c3)ncc2C#N)s1,BKOYUSKBPMSUBK-UHFFFAOYSA-N,,,False,
TDC_Hepatocyte_AZ,in_vitro_CLint,human,hepatocyte,µL/min/10^6 cells,19.95,1.299942900022767,CCOc1ccc(-n2c([C@@H](C)N(CC3CCN(C)CC3)C(=O)Cc3ccc(F)c(C(F)(F)F)c3)nc3ncccc3c2=O)cc1,CCOc1ccc(-n2c([C@@H](C)N(CC3CCN(C)CC3)C(=O)Cc3ccc(F)c(C(F)(F)F)c3)nc3ncccc3c2=O)cc1,CRCUNMKTEAUDDB-OAQYLSRUSA-N,,,True,
TDC_Hepatocyte_AZ,in_vitro_CLint,human,hepatocyte,µL/min/10^6 cells,19.95,1.299942900022767,CN[C@@H](C)C(=O)N[C@H](C(=O)N[C@H]1C[C@@H]2CC[C@H]1N(CCc1ccccc1)C2)C1CCCCC1,CN[C@@H](C)C(=O)N[C@H](C(=O)N[C@H]1C[C@@H]2CC[C@H]1N(CCc1ccccc1)C2)C1CCCCC1,GBQXNBCXOOCMBG-GILAWRQCSA-N,,,False,
TDC_Hepatocyte_AZ,in_vitro_CLint,human,hepatocyte,µL/min/10^6 cells,12.59,1.1000257301078626,CCCSc1ccc2nc(NC(=O)OC)[nH]c2c1,CCCSc1ccc2nc(NC(=O)OC)[nH]c2c1,HXHWSAZORRCQMX-UHFFFAOYSA-N,,,False,
TDC_Hepatocyte_AZ,in_vitro_CLint,human,hepatocyte,µL/min/10^6 cells,13.18,1.1199154102579911,CN(CCOc1ccc(NS(C)(=O)=O)cc1)CCc1ccc(NS(C)(=O)=O)cc1,CN(CCOc1ccc(NS(C)(=O)=O)cc1)CCc1ccc(NS(C)(=O)=O)cc1,IXTMWRCNAAVVAI-UHFFFAOYSA-N,,,False,
TDC_Hepatocyte_AZ,in_vitro_CLint,human,hepatocyte,µL/min/10^6 cells,17.78,1.249931756634195,C[C@H](CO)Nc1nc(SCc2cccc(F)c2F)nc2[nH]ncc12,C[C@H](CO)Nc1nc(SCc2cccc(F)c2F)nc2[nH]ncc12,WJXFRKFRTLXOPO-MRVPVSSYSA-N,,,False,
TDC_Hepatocyte_AZ,in_vitro_CLint,human,hepatocyte,µL/min/10^6 cells,14.79,1.1699681739968923,O=C(Nc1cc(-c2ccnc(Nc3ccc(F)cc3)c2)ccn1)C1CCOCC1,O=C(Nc1cc(-c2ccnc(Nc3ccc(F)cc3)c2)ccn1)C1CCOCC1,RWOFIHYHMILOTJ-UHFFFAOYSA-N,,,False,
TDC_Hepatocyte_AZ,in_vitro_CLint,human,hepatocyte,µL/min/10^6 cells,19.95,1.299942900022767,O=c1nc(NCc2ccccc2)sn1Cc1ccccc1,O=c1nc(NCc2ccccc2)sn1Cc1ccccc1,AIYGFUWNGMGUCQ-UHFFFAOYSA-N,,,False,
TDC_Hepatocyte_AZ,in_vitro_CLint,human,hepatocyte,µL/min/10^6 cells,12.73,1.1048284036536553,Cc1nc(-c2ccc(OCC(C)C)c(C#N)c2)sc1C(=O)O,Cc1nc(-c2ccc(OCC(C)C)c(C#N)c2)sc1C(=O)O,BQSJTQLCZDPROO-UHFFFAOYSA-N,,,False,
TDC_Hepatocyte_AZ,in_vitro_CLint,human,hepatocyte,µL/min/10^6 cells,7.24,0.859738566197147,C[C@@H]1Cc2c([nH]c3cc(Cl)c(F)cc23)[C@]2(N1)C(=O)Nc1ccc(Cl)cc12,C[C@@H]1Cc2c([nH]c3cc(Cl)c(F)cc23)[C@]2(N1)C(=O)Nc1ccc(Cl)cc12,CKLPLPZSUQEDRT-YLVJLNSGSA-N,,,False,
TDC_Hepatocyte_AZ,in_vitro_CLint,human,hepatocyte,µL/min/10^6 cells,8.0,0.9030899869919435,CNS(=O)(=O)Cc1ccc2[nH]cc(CCN(C)C)c2c1,CNS(=O)(=O)Cc1ccc2[nH]cc(CCN(C)C)c2c1,KQKPFRSPSRPDEB-UHFFFAOYSA-N,,,False,
TDC_Hepatocyte_AZ,in_vitro_CLint,human,hepatocyte,µL/min/10^6 cells,8.0,0.9030899869919435,COc1ccc(N(C(=O)c2occc2CO)C(C(=O)NC[C@@H](C)O)c2ccccc2F)c(OC)c1,COc1ccc(N(C(=O)c2occc2CO)C(C(=O)NC[C@@H](C)O)c2ccccc2F)c(OC)c1,YGOWOHYBSPRLKX-JGHKVMFLSA-N,,,False,
TDC_Hepatocyte_AZ,in_vitro_CLint,human,hepatocyte,µL/min/10^6 cells,55.0,1.7403626894942439,C[C@@](C(=O)O[C@H]1C[N+]2(Cc3nc(-c4ccccc4)no3)CCC1CC2)(c1ccccc1)N1CCCCC1,C[C@@](C(=O)O[C@H]1C[N+]2(Cc3nc(-c4ccccc4)no3)CCC1CC2)(c1ccccc1)N1CCCCC1,KBKMJOUMILUGRZ-DAUOMQBBSA-N,,,False,
TDC_Hepatocyte_AZ,in_vitro_CLint,human,hepatocyte,µL/min/10^6 cells,61.0,1.7853298350107671,O=C(O)COc1ccc(C(=O)c2cccs2)c(Cl)c1Cl,O=C(O)COc1ccc(C(=O)c2cccs2)c(Cl)c1Cl,AGHANLSBXUWXTB-UHFFFAOYSA-N,,,False,
TDC_Hepatocyte_AZ,in_vitro_CLint,human,hepatocyte,µL/min/10^6 cells,63.1,1.8000293592441343,O=C(Nc1ccc(CCO)cc1)c1cc2cc(Cl)ccc2[nH]1,O=C(Nc1ccc(CCO)cc1)c1cc2cc(Cl)ccc2[nH]1,YNSNYERZCZJZER-UHFFFAOYSA-N,,,False,
TDC_Hepatocyte_AZ,in_vitro_CLint,human,hepatocyte,µL/min/10^6 cells,64.57,1.8100307864058394,CCOc1ccc2ccc(=O)oc2c1,CCOc1ccc2ccc(=O)oc2c1,LIFAQMGORKPVDH-UHFFFAOYSA-N,,,False,
TDC_Hepatocyte_AZ,in_vitro_CLint,human,hepatocyte,µL/min/10^6 cells,65.0,1.8129133566428555,C[C@@](C(=O)O[C@H]1C[N+]2(CCCc3cc4ccccc4s3)CCC1CC2)(c1ccccc1)N1CCCCC1,C[C@@](C(=O)O[C@H]1C[N+]2(CCCc3cc4ccccc4s3)CCC1CC2)(c1ccccc1)N1CCCCC1,YXJHGLMJLQLKDJ-WVOWOTBHSA-N,,,False,
TDC_Hepatocyte_AZ,in_vitro_CLint,human,hepatocyte,µL/min/10^6 cells,14.79,1.1699681739968923,O=c1c2sccc2n(CC2COc3ccccc3O2)c(=O)n1O,O=c1c2sccc2n(CC2COc3ccccc3O2)c(=O)n1O,MXQGCMQXTPTJJT-UHFFFAOYSA-N,,,False,
TDC_Hepatocyte_AZ,in_vitro_CLint,human,hepatocyte,µL/min/10^6 cells,125.89,2.0999912335446846,CCOC(=O)c1c(-c2ccccc2)nc2ccc(C)cn12,CCOC(=O)c1c(-c2ccccc2)nc2ccc(C)cn12,PGKICPOZCQGAHE-UHFFFAOYSA-N,,,False,
TDC_Hepatocyte_AZ,in_vitro_CLint,human,hepatocyte,µL/min/10^6 cells,102.33,2.0100029741270595,Cc1sc2ncnc(SCC(=O)N3CCN(C(=O)c4ccco4)CC3)c2c1C,Cc1sc2ncnc(SCC(=O)N3CCN(C(=O)c4ccco4)CC3)c2c1C,GBNBUVHNJXEXDE-UHFFFAOYSA-N,,,False,
TDC_Hepatocyte_AZ,in_vitro_CLint,human,hepatocyte,µL/min/10^6 cells,112.2,2.0499928569201424,CCc1[nH]c2nc(Sc3cnc4ccc[n+]([O-])c4c3)nc(N3CC[C@@H](N)C3)c2c1Cl,CCc1[nH]c2nc(Sc3cnc4ccc[n+]([O-])c4c3)nc(N3CC[C@@H](N)C3)c2c1Cl,UIZFNZSXBOVZDP-LLVKDONJSA-N,,,False,
TDC_Hepatocyte_AZ,in_vitro_CLint,human,hepatocyte,µL/min/10^6 cells,81.0,1.9084850188786497,CCCC(=O)Nc1ccc(Cl)c(-c2nc3ncccc3o2)c1,CCCC(=O)Nc1ccc(Cl)c(-c2nc3ncccc3o2)c1,RBHNFGMGFJHNPX-UHFFFAOYSA-N,,,False,
TDC_Hepatocyte_AZ,in_vitro_CLint,human,hepatocyte,µL/min/10^6 cells,120.23,2.0800128471079278,Nc1ncc2cc(-c3c(Br)cccc3Br)c(N)nc2n1,Nc1ncc2cc(-c3c(Br)cccc3Br)c(N)nc2n1,HGIPWJYTPOHUGK-UHFFFAOYSA-N,,,False,
TDC_Hepatocyte_AZ,in_vitro_CLint,human,hepatocyte,µL/min/10^6 cells,70.79,1.84997191232885,CC(C)(C)c1cc(NC(=O)NCc2ccccc2Sc2ccc3nnc(-c4ccccc4SCCO)n3c2)n(-c2ccc(O)c(Cl)c2)n1,CC(C)(C)c1cc(NC(=O)NCc2ccccc2Sc2ccc3nnc(-c4ccccc4SCCO)n3c2)n(-c2ccc(O)c(Cl)c2)n1,VGEXRDWWPSGZDH-UHFFFAOYSA-N,,,False,
TDC_Hepatocyte_AZ,in_vitro_CLint,human,hepatocyte,µL/min/10^6 cells,97.72,1.989983458301399,O=C(O)CCc1ccc(OCc2cccc(Oc3ccccc3)c2)cc1,O=C(O)CCc1ccc(OCc2cccc(Oc3ccccc3)c2)cc1,BWNUDKFBKGPSBH-UHFFFAOYSA-N,,,False,
TDC_Hepatocyte_AZ,in_vitro_CLint,human,hepatocyte,µL/min/10^6 cells,140.0,2.146128035678238,CN(CCNCCc1ccc(O)c2nc(O)sc12)C(=O)CCOCCc1ccccc1,CN(CCNCCc1ccc(O)c2nc(O)sc12)C(=O)CCOCCc1ccccc1,NVQATEKCHLOWBW-UHFFFAOYSA-N,,,False,
TDC_Hepatocyte_AZ,in_vitro_CLint,human,hepatocyte,µL/min/10^6 cells,123.03,2.090011024007147,O=C(CN1CCOCC1)Nc1ccc(-c2cccc3c(=O)cc(N4CCOCC4)oc23)cc1-c1ccccc1,O=C(CN1CCOCC1)Nc1ccc(-c2cccc3c(=O)cc(N4CCOCC4)oc23)cc1-c1ccccc1,KJQZPWWZMYOHNZ-UHFFFAOYSA-N,,,False,
TDC_Hepatocyte_AZ,in_vitro_CLint,human,hepatocyte,µL/min/10^6 cells,3.0,0.47712125471966244,Cc1ccc(C(=O)Nc2ccc(CN3CCN(C)CC3)c(C(F)(F)F)c2)cc1C#Cc1cnc2cccnn12,Cc1ccc(C(=O)Nc2ccc(CN3CCN(C)CC3)c(C(F)(F)F)c2)cc1C#Cc1cnc2cccnn12,PHXJVRSECIGDHY-UHFFFAOYSA-N,,,True,
TDC_Hepatocyte_AZ,in_vitro_CLint,human,hepatocyte,µL/min/10^6 cells,3.0,0.47712125471966244,N#Cc1cc(-c2n[nH]c(-c3ccncc3)n2)ccn1,N#Cc1cc(-c2n[nH]c(-c3ccncc3)n2)ccn1,UBVZQGOVTLIHLH-UHFFFAOYSA-N,,,False,
TDC_Hepatocyte_AZ,in_vitro_CLint,human,hepatocyte,µL/min/10^6 cells,3.0,0.47712125471966244,CCCCCCCC(=O)N[C@@H](CCN)C(=O)N[C@@H](C)C(=O)N[C@@H](CCN)C(=O)N[C@H]1CCNC(=O)[C@H]([C@@H](C)O)NC(=O)[C@H](CCN)NC(=O)[C@H](CCN)NC(=O)[C@H](CC(C)C)NC(=O)[C@@H](Cc2ccccc2)NC(=O)[C@H](CCN)NC1=O,CCCCCCCC(=O)N[C@@H](CCN)C(=O)N[C@@H](C)C(=O)N[C@@H](CCN)C(=O)N[C@H]1CCNC(=O)[C@H]([C@@H](C)O)NC(=O)[C@H](CCN)NC(=O)[C@H](CCN)NC(=O)[C@H](CC(C)C)NC(=O)[C@@H](Cc2ccccc2)NC(=O)[C@H](CCN)NC1=O,AOWRGXHRQTTYNC-YNVBWGHWSA-N,,,False,
TDC_Hepatocyte_AZ,in_vitro_CLint,human,hepatocyte,µL/min/10^6 cells,3.0,0.47712125471966244,O=C(CC1CCCCCC1)Nc1cccc2c(=O)n([C@H]3CCNC3)ccc12,O=C(CC1CCCCCC1)Nc1cccc2c(=O)n([C@H]3CCNC3)ccc12,JUSKFLHUVAWKQW-KRWDZBQOSA-N,,,False,
TDC_Hepatocyte_AZ,in_vitro_CLint,human,hepatocyte,µL/min/10^6 cells,3.0,0.47712125471966244,Cc1c(OC2CCN(CC3CCN([C@@](C)(Cc4ccc(F)cc4)C(=O)O)CC3)CC2)ccc(Cl)c1Cl,Cc1c(OC2CCN(CC3CCN([C@@](C)(Cc4ccc(F)cc4)C(=O)O)CC3)CC2)ccc(Cl)c1Cl,AYPGYVOWMUSFPT-NDEPHWFRSA-N,,,False,
TDC_Hepatocyte_AZ,in_vitro_CLint,human,hepatocyte,µL/min/10^6 cells,6.17,0.7902851640332417,Cc1cc(Nc2nc(N[C@@H](C)c3ccc(F)cn3)c(C#N)cc2Cl)n[nH]1,Cc1cc(Nc2nc(N[C@@H](C)c3ccc(F)cn3)c(C#N)cc2Cl)n[nH]1,DWBXDMFMVZHVSB-JTQLQIEISA-N,,,False,
TDC_Hepatocyte_AZ,in_vitro_CLint,human,hepatocyte,µL/min/10^6 cells,9.77,0.989894563718773,CC(C(=O)O)c1ccc(C(=O)c2cccs2)cc1,CC(C(=O)O)c1ccc(C(=O)c2cccs2)cc1,MDKGKXOCJGEUJW-UHFFFAOYSA-N,,,False,
TDC_Hepatocyte_AZ,in_vitro_CLint,human,hepatocyte,µL/min/10^6 cells,3.46,0.5390760987927766,CCn1cc(C(=O)O)c(=O)c2ccc(C)nc21,CCn1cc(C(=O)O)c(=O)c2ccc(C)nc21,MHWLWQUZZRMNGJ-UHFFFAOYSA-N,,,False,
TDC_Hepatocyte_AZ,in_vitro_CLint,human,hepatocyte,µL/min/10^6 cells,3.89,0.5899496013257077,CNC1=Nc2ccc(Cl)cc2C(c2ccccc2)=[N+]([O-])C1,CNC1=Nc2ccc(Cl)cc2C(c2ccccc2)=[N+]([O-])C1,ANTSCNMPPGJYLG-UHFFFAOYSA-N,,,False,
TDC_Hepatocyte_AZ,in_vitro_CLint,human,hepatocyte,µL/min/10^6 cells,14.45,1.1598678470925667,CN1CCN(c2ccc(-c3cnc4cccc(-c5cc(F)c(CN6CCOCC6)c(F)c5)c4n3)cc2)CC1,CN1CCN(c2ccc(-c3cnc4cccc(-c5cc(F)c(CN6CCOCC6)c(F)c5)c4n3)cc2)CC1,LBZZVBOHWAZYRL-UHFFFAOYSA-N,,,False,
TDC_Hepatocyte_AZ,in_vitro_CLint,human,hepatocyte,µL/min/10^6 cells,5.75,0.7596678446896304,Nc1nc2ccc(F)cc2s1,Nc1nc2ccc(F)cc2s1,CJLUXPZQUXVJNF-UHFFFAOYSA-N,,,False,
TDC_Hepatocyte_AZ,in_vitro_CLint,human,hepatocyte,µL/min/10^6 cells,6.0,0.7781512503836436,CC(C)(C)NC(=O)c1ccc(Oc2cc(F)c(CC(=O)O)cc2Cl)c(NS(=O)(=O)c2ccc(C3CC3)cc2Cl)c1,CC(C)(C)NC(=O)c1ccc(Oc2cc(F)c(CC(=O)O)cc2Cl)c(NS(=O)(=O)c2ccc(C3CC3)cc2Cl)c1,PFWVGKROPKKEDW-UHFFFAOYSA-N,,,False,
TDC_Hepatocyte_AZ,in_vitro_CLint,human,hepatocyte,µL/min/10^6 cells,6.0,0.7781512503836436,C[C@@H](C(=O)NCCN1CCCC1)c1ccc(OS(=O)(=O)C(F)(F)F)cc1,C[C@@H](C(=O)NCCN1CCCC1)c1ccc(OS(=O)(=O)C(F)(F)F)cc1,CWPASLOMOQBICF-GFCCVEGCSA-N,,,True,
TDC_Hepatocyte_AZ,in_vitro_CLint,human,hepatocyte,µL/min/10^6 cells,150.0,2.1760912590556813,CCOC(=O)CN(c1ccccc1C)S(=O)(=O)c1ccc(Cl)cc1,CCOC(=O)CN(c1ccccc1C)S(=O)(=O)c1ccc(Cl)cc1,HEDQLFZYHLYQGI-UHFFFAOYSA-N,,,False,
TDC_Hepatocyte_AZ,in_vitro_CLint,human,hepatocyte,µL/min/10^6 cells,81.0,1.9084850188786497,CN1CCN(c2nc3ccccc3cc2Cn2nc(-c3ccc4nc(N)sc4c3)c3c(N)ncnc32)CC1,CN1CCN(c2nc3ccccc3cc2Cn2nc(-c3ccc4nc(N)sc4c3)c3c(N)ncnc32)CC1,UNSGOTITAWKECZ-UHFFFAOYSA-N,,,False,
TDC_Hepatocyte_AZ,in_vitro_CLint,human,hepatocyte,µL/min/10^6 cells,11.0,1.0413926851582251,O=C(Cc1ccc(Cl)c(C(F)(F)F)c1)Nc1cccc2c(=O)n(CCO)ccc12,O=C(Cc1ccc(Cl)c(C(F)(F)F)c1)Nc1cccc2c(=O)n(CCO)ccc12,HGCBZJDOYPMNEY-UHFFFAOYSA-N,,,True,
TDC_Hepatocyte_AZ,in_vitro_CLint,human,hepatocyte,µL/min/10^6 cells,20.42,1.3100557377508915,CC(C)C[C@H](CO)Nc1nc(SCc2ccccc2)nc2nc(N)sc12,CC(C)C[C@H](CO)Nc1nc(SCc2ccccc2)nc2nc(N)sc12,XCVNKDBFHMYYDO-CYBMUJFWSA-N,,,False,
TDC_Hepatocyte_AZ,in_vitro_CLint,human,hepatocyte,µL/min/10^6 cells,46.0,1.662757831681574,CCOc1ccc2oc(C(=O)NC(CCSC)c3nc4ncccc4[nH]3)c(C)c2c1,CCOc1ccc2oc(C(=O)NC(CCSC)c3nc4ncccc4[nH]3)c(C)c2c1,XOQVIIRWRLDGDX-UHFFFAOYSA-N,,,False,
TDC_Hepatocyte_AZ,in_vitro_CLint,human,hepatocyte,µL/min/10^6 cells,52.48,1.7199938263676038,N#Cc1c(O)c2c(-c3ccc(-c4ccccc4O)cc3)csc2[nH]c1=O,N#Cc1c(O)c2c(-c3ccc(-c4ccccc4O)cc3)csc2[nH]c1=O,CTESJDQKVOEUOY-UHFFFAOYSA-N,,,False,
TDC_Hepatocyte_AZ,in_vitro_CLint,human,hepatocyte,µL/min/10^6 cells,150.0,2.1760912590556813,Nc1ccc(OCCc2ccccc2)cc1,Nc1ccc(OCCc2ccccc2)cc1,MMYXLHQQIXXGRR-UHFFFAOYSA-N,,,False,
TDC_Hepatocyte_AZ,in_vitro_CLint,human,hepatocyte,µL/min/10^6 cells,150.0,2.1760912590556813,O=C(O)CCc1ccc(OCc2cccc(Br)c2)cc1,O=C(O)CCc1ccc(OCc2cccc(Br)c2)cc1,PRPRITPGWICLOV-UHFFFAOYSA-N,,,False,
TDC_Hepatocyte_AZ,in_vitro_CLint,human,hepatocyte,µL/min/10^6 cells,5.75,0.7596678446896304,Cn1c(=O)c2nc[nH]c2n(C)c1=O,Cn1c(=O)c2nc[nH]c2n(C)c1=O,ZFXYFBGIUFBOJW-UHFFFAOYSA-N,,,False,
TDC_Hepatocyte_AZ,in_vitro_CLint,human,hepatocyte,µL/min/10^6 cells,13.0,1.1139433523068367,COc1cc(NC(=O)Nc2cccc(CNC(=O)O[C@H]3CCOC3)c2)ccc1-c1cnco1,COc1cc(NC(=O)Nc2cccc(CNC(=O)O[C@H]3CCOC3)c2)ccc1-c1cnco1,JBPUGFODGPKTDW-SFHVURJKSA-N,,,False,
TDC_Hepatocyte_AZ,in_vitro_CLint,human,hepatocyte,µL/min/10^6 cells,13.49,1.1300119496719043,CC(C)C[C@H](CO)Nc1nc(SCc2ccccc2)nc2[nH]c(=O)sc12,CC(C)C[C@H](CO)Nc1nc(SCc2ccccc2)nc2[nH]c(=O)sc12,LOSWDIGGZMWFHV-CYBMUJFWSA-N,,,False,
TDC_Hepatocyte_AZ,in_vitro_CLint,human,hepatocyte,µL/min/10^6 cells,3.0,0.47712125471966244,C[C@H](Oc1ccc(Cl)cc1CN1CCN(C(=O)Cc2ccc(Cl)cc2)[C@@H](C)C1)C(=O)O,C[C@H](Oc1ccc(Cl)cc1CN1CCN(C(=O)Cc2ccc(Cl)cc2)[C@@H](C)C1)C(=O)O,FDGBGRZYIGYTBW-HOTGVXAUSA-N,,,False,
TDC_Hepatocyte_AZ,in_vitro_CLint,human,hepatocyte,µL/min/10^6 cells,3.0,0.47712125471966244,N#CC1(NC(=O)[C@@H]2CCCC[C@H]2C(=O)N2CCc3[nH]c4ncccc4c3C2)CC1,N#CC1(NC(=O)[C@@H]2CCCC[C@H]2C(=O)N2CCc3[nH]c4ncccc4c3C2)CC1,QNQMLBYWCKPFEB-HZPDHXFCSA-N,,,False,
TDC_Hepatocyte_AZ,in_vitro_CLint,human,hepatocyte,µL/min/10^6 cells,3.0,0.47712125471966244,CC(C)C[C@H](N)C(=O)NC[C@H](O)C[C@@H](N)CC(=O)NN(C)CC(=O)O,CC(C)C[C@H](N)C(=O)NC[C@H](O)C[C@@H](N)CC(=O)NN(C)CC(=O)O,BRLOZZKKEWGIEL-UTUOFQBUSA-N,,,False,
TDC_Hepatocyte_AZ,in_vitro_CLint,human,hepatocyte,µL/min/10^6 cells,3.0,0.47712125471966244,CCS(=O)(=O)c1ccc(-c2cc(Cl)ccc2OCC(=O)O)c(F)c1,CCS(=O)(=O)c1ccc(-c2cc(Cl)ccc2OCC(=O)O)c(F)c1,MNOSYFBXUCZGCA-UHFFFAOYSA-N,,,False,
TDC_Hepatocyte_AZ,in_vitro_CLint,human,hepatocyte,µL/min/10^6 cells,3.0,0.47712125471966244,NC1(c2ccc(-c3c(-c4ccccc4)ccn4ncnc34)cc2)CCC1,NC1(c2ccc(-c3c(-c4ccccc4)ccn4ncnc34)cc2)CCC1,SVMKTIMVFDYDLB-UHFFFAOYSA-N,,,False,
TDC_Hepatocyte_AZ,in_vitro_CLint,human,hepatocyte,µL/min/10^6 cells,3.0,0.47712125471966244,N#Cc1ccccc1CSc1nc(O)cc(O)n1,N#Cc1ccccc1CSc1nc(O)cc(O)n1,ZCPAOXLSGRUSAQ-UHFFFAOYSA-N,,,False,
TDC_Hepatocyte_AZ,in_vitro_CLint,human,hepatocyte,µL/min/10^6 cells,3.0,0.47712125471966244,CN(C)S(=O)(=O)NC(=O)CCCc1c(-c2ccc(F)cc2)[nH]c2ccc(C#N)cc12,CN(C)S(=O)(=O)NC(=O)CCCc1c(-c2ccc(F)cc2)[nH]c2ccc(C#N)cc12,ANXLTXNOZIKJSV-UHFFFAOYSA-N,,,False,
TDC_Hepatocyte_AZ,in_vitro_CLint,human,hepatocyte,µL/min/10^6 cells,150.0,2.1760912590556813,CC(=O)c1ncccc1NC(=O)[C@H]1CC[C@H](N2C(=O)[C@H]3[C@H]4CC[C@H](C4)[C@H]3C2=O)CC1,CC(=O)c1ncccc1NC(=O)[C@H]1CC[C@H](N2C(=O)[C@@H]3[C@@H]4CC[C@@H](C4)[C@@H]3C2=O)CC1,OETCLXZXWZTAOY-FSIGGGPRSA-N,,,False,
TDC_Hepatocyte_AZ,in_vitro_CLint,human,hepatocyte,µL/min/10^6 cells,3.24,0.5105450102066121,CC[C@@]1(O)C(=O)OCc2c1cc1n(c2=O)Cc2cc3c(CN(C)C)c(O)ccc3nc2-1,CC[C@@]1(O)C(=O)OCc2c1cc1n(c2=O)Cc2cc3c(CN(C)C)c(O)ccc3nc2-1,UCFGDBYHRUNTLO-QHCPKHFHSA-N,,,False,
TDC_Hepatocyte_AZ,in_vitro_CLint,human,hepatocyte,µL/min/10^6 cells,6.0,0.7781512503836436,O=C([C@@H]1CCCN1)N1CCN(c2nc(NCc3ccc(Cl)cc3Cl)c3cccnc3n2)CC1,O=C([C@@H]1CCCN1)N1CCN(c2nc(NCc3ccc(Cl)cc3Cl)c3cccnc3n2)CC1,NMEJJNBJNRNRJQ-IBGZPJMESA-N,,,False,
TDC_Hepatocyte_AZ,in_vitro_CLint,human,hepatocyte,µL/min/10^6 cells,7.0,0.8450980400142568,CCC(CC)NC(=O)c1cn(-c2ccccc2)nc1NS(=O)(=O)c1ccc(C)cc1,CCC(CC)NC(=O)c1cn(-c2ccccc2)nc1NS(=O)(=O)c1ccc(C)cc1,QZDKZPDCVTYPII-UHFFFAOYSA-N,,,False,
TDC_Hepatocyte_AZ,in_vitro_CLint,human,hepatocyte,µL/min/10^6 cells,7.59,0.8802417758954804,CCC(=O)N[C@H]1CC[C@@H](C(=O)N(C)c2ccc(-c3nc4ccccc4o3)cc2)C1,CCC(=O)N[C@H]1CC[C@@H](C(=O)N(C)c2ccc(-c3nc4ccccc4o3)cc2)C1,YNFDIGJKJPNFFD-SJORKVTESA-N,,,False,
TDC_Hepatocyte_AZ,in_vitro_CLint,human,hepatocyte,µL/min/10^6 cells,7.9,0.8976270912904415,Cc1c(CC(=O)O)c2cc(F)ccc2n1S(=O)(=O)c1ccc(S(C)(=O)=O)cc1,Cc1c(CC(=O)O)c2cc(F)ccc2n1S(=O)(=O)c1ccc(S(C)(=O)=O)cc1,HKLGBZGYRPIFOH-UHFFFAOYSA-N,,,False,
TDC_Hepatocyte_AZ,in_vitro_CLint,human,hepatocyte,µL/min/10^6 cells,5.0,0.6989700043360189,N#Cc1cccc(-c2cc(Cl)ccc2OCC(=O)O)c1,N#Cc1cccc(-c2cc(Cl)ccc2OCC(=O)O)c1,LKVOYKPVSRJIAP-UHFFFAOYSA-N,,,False,
TDC_Hepatocyte_AZ,in_vitro_CLint,human,hepatocyte,µL/min/10^6 cells,6.46,0.8102325179950841,COc1ccc(CCO[C@@H]2CCCC[C@H]2N2CC[C@@H](O)C2)cc1OC,COc1ccc(CCO[C@@H]2CCCC[C@H]2N2CC[C@@H](O)C2)cc1OC,VBHQKCBVWWUUKN-KZNAEPCWSA-N,,,False,
TDC_Hepatocyte_AZ,in_vitro_CLint,human,hepatocyte,µL/min/10^6 cells,4.17,0.6201360549737575,O=C1NC(=O)/C(=C/c2ccc3c(c2)OC(F)(F)O3)S1,O=C1NC(=O)/C(=C/c2ccc3c(c2)OC(F)(F)O3)S1,SRLVNYDXMUGOFI-YWEYNIOJSA-N,,,False,
TDC_Hepatocyte_AZ,in_vitro_CLint,human,hepatocyte,µL/min/10^6 cells,3.72,0.5705429398818975,NC(=O)c1ccn2c(-c3ccccc3)c(-c3ccc(C4(N)CCC4)cc3)nc2c1,NC(=O)c1ccn2c(-c3ccccc3)c(-c3ccc(C4(N)CCC4)cc3)nc2c1,JBTAEEKPONTXSL-UHFFFAOYSA-N,,,False,
TDC_Hepatocyte_AZ,in_vitro_CLint,human,hepatocyte,µL/min/10^6 cells,4.0,0.6020599913279624,CCS(=O)(=O)c1ccc(-c2cc(C(F)(F)F)ccc2OCC(=O)O)c(C)c1,CCS(=O)(=O)c1ccc(-c2cc(C(F)(F)F)ccc2OCC(=O)O)c(C)c1,KDOSMMYSHYZFQE-UHFFFAOYSA-N,,,True,
TDC_Hepatocyte_AZ,in_vitro_CLint,human,hepatocyte,µL/min/10^6 cells,12.88,1.1099158630237933,Clc1ccc(Cn2c(-c3nn[nH]n3)cc3ccccc32)cc1Cl,Clc1ccc(Cn2c(-c3nn[nH]n3)cc3ccccc32)cc1Cl,XLDIGLBSLBGYAL-UHFFFAOYSA-N,,,False,
TDC_Hepatocyte_AZ,in_vitro_CLint,human,hepatocyte,µL/min/10^6 cells,52.48,1.7199938263676038,Oc1ncnc2c1c(-c1ccccc1)cn2-c1ccc(Br)cc1,Oc1ncnc2c1c(-c1ccccc1)cn2-c1ccc(Br)cc1,PNDQJUVRRFIFTM-UHFFFAOYSA-N,,,False,
TDC_Hepatocyte_AZ,in_vitro_CLint,human,hepatocyte,µL/min/10^6 cells,56.23,1.749968083509403,CCN(CC)CCN1C(=O)[C@@](O)(c2ccccc2Cl)c2c1cc(C(N)=O)cc2C(F)(F)F,CCN(CC)CCN1C(=O)[C@@](O)(c2ccccc2Cl)c2c1cc(C(N)=O)cc2C(F)(F)F,YSSPGXCFFITNCE-OAQYLSRUSA-N,,,True,
TDC_Hepatocyte_AZ,in_vitro_CLint,human,hepatocyte,µL/min/10^6 cells,66.07,1.8200043068083178,CCc1c(C)nc(SCC(=O)Nc2nc(-c3ccc(OC)cc3)cs2)nc1O,CCc1c(C)nc(SCC(=O)Nc2nc(-c3ccc(OC)cc3)cs2)nc1O,QSIYTNYMBWYHAA-UHFFFAOYSA-N,,,False,
TDC_Hepatocyte_AZ,in_vitro_CLint,human,hepatocyte,µL/min/10^6 cells,48.44,1.6852041344710147,Cc1ccc(S(=O)(=O)Nc2c(C(=O)N(C)C3CCCCC3)cnn2-c2ccccc2)cc1,Cc1ccc(S(=O)(=O)Nc2c(C(=O)N(C)C3CCCCC3)cnn2-c2ccccc2)cc1,UWZXZCXGFBCFFV-UHFFFAOYSA-N,,,False,
TDC_Hepatocyte_AZ,in_vitro_CLint,human,hepatocyte,µL/min/10^6 cells,64.34,1.808481056565951,Cc1nc2ncnn2c(O)c1CCOC(=O)c1c(F)cccc1F,Cc1nc2ncnn2c(O)c1CCOC(=O)c1c(F)cccc1F,MKPDCHGZICKQCA-UHFFFAOYSA-N,,,False,
TDC_Hepatocyte_AZ,in_vitro_CLint,human,hepatocyte,µL/min/10^6 cells,12.88,1.1099158630237933,CC(=O)Nc1nc(CCc2ccc(NC(=N)N)cc2)cs1,CC(=O)Nc1nc(CCc2ccc(NC(=N)N)cc2)cs1,LMDXCMJWFMSUAI-UHFFFAOYSA-N,,,False,
TDC_Hepatocyte_AZ,in_vitro_CLint,human,hepatocyte,µL/min/10^6 cells,45.71,1.6600112212893308,CCOC(=O)C1=C(C)NC(C)=C(C(C)=O)[C@H]1c1cccc2c(=O)cc(C)oc12,CCOC(=O)C1=C(C)NC(C)=C(C(C)=O)[C@H]1c1cccc2c(=O)cc(C)oc12,DXCPBIXBBLLGOZ-HXUWFJFHSA-N,,,False,
TDC_Hepatocyte_AZ,in_vitro_CLint,human,hepatocyte,µL/min/10^6 cells,61.66,1.7900035203904894,CC(C)C(=O)Nc1nc(-c2ccccn2)cc2ccccc12,CC(C)C(=O)Nc1nc(-c2ccccn2)cc2ccccc12,MMCKTCYZCHRPQJ-UHFFFAOYSA-N,,,False,
TDC_Hepatocyte_AZ,in_vitro_CLint,human,hepatocyte,µL/min/10^6 cells,43.65,1.6399842480415885,COCCOc1cc(-c2cccc3c(=O)cc(N4CCOCC4)oc23)ccc1NC(=O)CN1CCOCC1,COCCOc1cc(-c2cccc3c(=O)cc(N4CCOCC4)oc23)ccc1NC(=O)CN1CCOCC1,PHVKARUHFBKTID-UHFFFAOYSA-N,,,False,
TDC_Hepatocyte_AZ,in_vitro_CLint,human,hepatocyte,µL/min/10^6 cells,54.95,1.7399676967595095,C[C@]12CC[C@H]3[C@@H](CC=C4C[C@@H](O)CC[C@@]43C)[C@@H]1CC=C2c1cccnc1,C[C@]12CC[C@H](O)CC1=CC[C@@H]1[C@@H]2CC[C@]2(C)C(c3cccnc3)=CC[C@@H]12,GZOSMCIZMLWJML-VJLLXTKPSA-N,,,False,
TDC_Hepatocyte_AZ,in_vitro_CLint,human,hepatocyte,µL/min/10^6 cells,56.0,1.7481880270062005,CCC(CC)NC(=O)c1cnn(-c2ccccc2Cl)c1NS(=O)(=O)c1ccc(C)cc1,CCC(CC)NC(=O)c1cnn(-c2ccccc2Cl)c1NS(=O)(=O)c1ccc(C)cc1,GZGDVCWRIYBOCH-UHFFFAOYSA-N,,,False,
TDC_Hepatocyte_AZ,in_vitro_CLint,human,hepatocyte,µL/min/10^6 cells,64.57,1.8100307864058394,O=C(CSc1ccccc1)N1CCN(C(=O)c2ccco2)CC1,O=C(CSc1ccccc1)N1CCN(C(=O)c2ccco2)CC1,SXLXDQIYNZKFOQ-UHFFFAOYSA-N,,,False,
TDC_Hepatocyte_AZ,in_vitro_CLint,human,hepatocyte,µL/min/10^6 cells,34.67,1.5399538416563967,C[C@]12CCC3C(CC=C4C[C@@H](O)CC[C@@]43C)C1CC=C2n1cnc2ccccc21,C[C@]12CC[C@H](O)CC1=CCC1C2CC[C@]2(C)C(n3cnc4ccccc43)=CCC12,PAFKTGFSEFKSQG-BLYLLKCRSA-N,,,False,
TDC_Hepatocyte_AZ,in_vitro_CLint,human,hepatocyte,µL/min/10^6 cells,39.81,1.599992177584098,COc1ccc(/C=C2\NC(=O)NC2=O)cc1,COc1ccc(/C=C2\NC(=O)NC2=O)cc1,XLTKBDZXXGQCSC-TWGQIWQCSA-N,,,False,
TDC_Hepatocyte_AZ,in_vitro_CLint,human,hepatocyte,µL/min/10^6 cells,3.0,0.47712125471966244,Cc1cc(=O)n(-c2ccccc2)n1C,Cc1cc(=O)n(-c2ccccc2)n1C,VEQOALNAAJBPNY-UHFFFAOYSA-N,,,False,
TDC_Hepatocyte_AZ,in_vitro_CLint,human,hepatocyte,µL/min/10^6 cells,3.0,0.47712125471966244,CCCS(=O)(=O)N1N=Cc2cc(Cl)ccc2B1O,CCCS(=O)(=O)N1N=Cc2cc(Cl)ccc2B1O,NTOLEUDARGTNNY-UHFFFAOYSA-N,,,False,
TDC_Hepatocyte_AZ,in_vitro_CLint,human,hepatocyte,µL/min/10^6 cells,30.9,1.4899584794248346,CC(C)c1ccc(Sc2cnc(O)c(C(=O)NCc3ccccc3)c2)cc1,CC(C)c1ccc(Sc2cnc(O)c(C(=O)NCc3ccccc3)c2)cc1,LUYCLSKIFGYZQS-UHFFFAOYSA-N,,,False,
TDC_Hepatocyte_AZ,in_vitro_CLint,human,hepatocyte,µL/min/10^6 cells,3.0,0.47712125471966244,CCCCCCCC(=O)N[C@@H](C)C(=O)N[C@H](C(=O)N[C@@H](CCN)C(=O)N[C@H]1CCNC(=O)[C@H]([C@@H](C)O)NC(=O)[C@H](CCN)NC(=O)[C@H](CCN)NC(=O)[C@H](CC(C)C)NC(=O)[C@@H](Cc2ccccc2)NC(=O)[C@H](CCN)NC1=O)[C@@H](C)O,CCCCCCCC(=O)N[C@@H](C)C(=O)N[C@H](C(=O)N[C@@H](CCN)C(=O)N[C@H]1CCNC(=O)[C@H]([C@@H](C)O)NC(=O)[C@H](CCN)NC(=O)[C@H](CCN)NC(=O)[C@H](CC(C)C)NC(=O)[C@@H](Cc2ccccc2)NC(=O)[C@H](CCN)NC1=O)[C@@H](C)O,VHOFITDOTQCUGG-NQCVHMBHSA-N,,,False,
TDC_Hepatocyte_AZ,in_vitro_CLint,human,hepatocyte,µL/min/10^6 cells,3.0,0.47712125471966244,COc1ccc(OC)c(C(O)CN)c1,COc1ccc(OC)c(C(O)CN)c1,VFRCNXKYZVQYLX-UHFFFAOYSA-N,,,False,
TDC_Hepatocyte_AZ,in_vitro_CLint,human,hepatocyte,µL/min/10^6 cells,24.0,1.380211241711606,Cc1cccc2c(CCNCc3cccc(CCNC[C@H](O)c4ccc(O)c5[nH]c(=O)sc45)c3)c[nH]c12,Cc1cccc2c(CCNCc3cccc(CCNC[C@H](O)c4ccc(O)c5[nH]c(=O)sc45)c3)c[nH]c12,RZAFGCJAAYEIMV-VWLOTQADSA-N,,,False,
TDC_Hepatocyte_AZ,in_vitro_CLint,human,hepatocyte,µL/min/10^6 cells,6.0,0.7781512503836436,Cc1nn(-c2ccc(F)cc2)c(NS(=O)(=O)c2ccc(C#N)cc2)c1C(=O)N[C@@H](C)C(C)(C)C,Cc1nn(-c2ccc(F)cc2)c(NS(=O)(=O)c2ccc(C#N)cc2)c1C(=O)N[C@@H](C)C(C)(C)C,VTFOIOURAFZEDM-INIZCTEOSA-N,,,False,
TDC_Hepatocyte_AZ,in_vitro_CLint,human,hepatocyte,µL/min/10^6 cells,38.9,1.5899496013257077,O=C(O)C1(c2ccc(-c3ccc(Cl)c(Cl)c3)c(F)c2)CC1,O=C(O)C1(c2ccc(-c3ccc(Cl)c(Cl)c3)c(F)c2)CC1,LIYLTQQDABRNRX-UHFFFAOYSA-N,,,False,
TDC_Hepatocyte_AZ,in_vitro_CLint,human,hepatocyte,µL/min/10^6 cells,42.5,1.6283889300503116,O=S(=O)(CCCOCCc1ccccc1)CCNCCc1ccc(O)c2nc(O)sc12,O=S(=O)(CCCOCCc1ccccc1)CCNCCc1ccc(O)c2nc(O)sc12,DBCKRBGYGMVSTI-UHFFFAOYSA-N,,,False,
TDC_Hepatocyte_AZ,in_vitro_CLint,human,hepatocyte,µL/min/10^6 cells,44.67,1.6500159524718385,Cc1ccccc1-n1c(Cn2nc(-c3ccc(O)c(F)c3)c3c(N)ncnc32)nc2cccc(C)c2c1=O,Cc1ccccc1-n1c(Cn2nc(-c3ccc(O)c(F)c3)c3c(N)ncnc32)nc2cccc(C)c2c1=O,TYLTZPAGUBOPCU-UHFFFAOYSA-N,,,False,
TDC_Hepatocyte_AZ,in_vitro_CLint,human,hepatocyte,µL/min/10^6 cells,58.0,1.7634279935629373,O=c1[nH]c2c(O)ccc([C@@H](O)CNCCCOCCOCCc3ccccc3)c2s1,O=c1[nH]c2c(O)ccc([C@@H](O)CNCCCOCCOCCc3ccccc3)c2s1,FMJYIEYLOQSTQE-IBGZPJMESA-N,,,False,
TDC_Hepatocyte_AZ,in_vitro_CLint,human,hepatocyte,µL/min/10^6 cells,6.76,0.829946695941636,CN1CCN(C2=Nc3cc(Cl)ccc3Nc3ccccc32)CC1,CN1CCN(C2=Nc3cc(Cl)ccc3Nc3ccccc32)CC1,QZUDBNBUXVUHMW-UHFFFAOYSA-N,,,False,
TDC_Hepatocyte_AZ,in_vitro_CLint,human,hepatocyte,µL/min/10^6 cells,57.54,1.7599698575543072,Cc1cc2cc(C)c3nnc(SCC(=O)N4CCN(C(=O)c5ccco5)CC4)n3c2cc1C,Cc1cc2cc(C)c3nnc(SCC(=O)N4CCN(C(=O)c5ccco5)CC4)n3c2cc1C,GFYYWSNSKOTGCA-UHFFFAOYSA-N,,,False,
TDC_Hepatocyte_AZ,in_vitro_CLint,human,hepatocyte,µL/min/10^6 cells,150.0,2.1760912590556813,CCn1c(SCC(=O)Nc2cccc(C)c2)nnc1-c1ccccc1,CCn1c(SCC(=O)Nc2cccc(C)c2)nnc1-c1ccccc1,JIBOFGBUFWLYPZ-UHFFFAOYSA-N,,,False,
TDC_Hepatocyte_AZ,in_vitro_CLint,human,hepatocyte,µL/min/10^6 cells,60.0,1.7781512503836436,O=c1[nH]c2c(O)ccc([C@@H](O)CNCCc3cccc(CNCc4ccccc4Cl)c3)c2s1,O=c1[nH]c2c(O)ccc([C@@H](O)CNCCc3cccc(CNCc4ccccc4Cl)c3)c2s1,PVJNMWAQIUNUKH-QFIPXVFZSA-N,,,False,
TDC_Hepatocyte_AZ,in_vitro_CLint,human,hepatocyte,µL/min/10^6 cells,5.0,0.6989700043360189,Cc1ccc(S(=O)(=O)Nc2c(C(=O)NC3CCCCC3C)cnn2-c2ccccc2)cc1,Cc1ccc(S(=O)(=O)Nc2c(C(=O)NC3CCCCC3C)cnn2-c2ccccc2)cc1,AYPVPRGQTUGNOF-UHFFFAOYSA-N,,,False,
TDC_Hepatocyte_AZ,in_vitro_CLint,human,hepatocyte,µL/min/10^6 cells,7.08,0.850033257689769,C[C@H](c1nc2ncccc2c(=O)n1-c1ccc(Cl)cc1)N(CC1CCS(=O)(=O)CC1)C(=O)Cc1ccc(C(F)(F)F)c(F)c1,C[C@H](c1nc2ncccc2c(=O)n1-c1ccc(Cl)cc1)N(CC1CCS(=O)(=O)CC1)C(=O)Cc1ccc(C(F)(F)F)c(F)c1,CTEITUDGLRIHMG-GOSISDBHSA-N,,,True,
TDC_Hepatocyte_AZ,in_vitro_CLint,human,hepatocyte,µL/min/10^6 cells,150.0,2.1760912590556813,Cc1ccc(F)cc1S(=O)(=O)N[C@@H]1CCN(Cc2ccc(-c3ccccc3)cc2)C1,Cc1ccc(F)cc1S(=O)(=O)N[C@@H]1CCN(Cc2ccc(-c3ccccc3)cc2)C1,ZOPZOQTZDFMBGG-HSZRJFAPSA-N,,,False,
TDC_Hepatocyte_AZ,in_vitro_CLint,human,hepatocyte,µL/min/10^6 cells,6.61,0.8202014594856403,CCCCNC(=O)NS(=O)(=O)c1ccc(C)cc1,CCCCNC(=O)NS(=O)(=O)c1ccc(C)cc1,JLRGJRBPOGGCBT-UHFFFAOYSA-N,,,False,
TDC_Hepatocyte_AZ,in_vitro_CLint,human,hepatocyte,µL/min/10^6 cells,6.76,0.829946695941636,COc1ccc2nc(C)cc(-n3cc(CNC(C)=O)nn3)c2c1,COc1ccc2nc(C)cc(-n3cc(CNC(C)=O)nn3)c2c1,SFCSGOORFFORDY-UHFFFAOYSA-N,,,False,
TDC_Hepatocyte_AZ,in_vitro_CLint,human,hepatocyte,µL/min/10^6 cells,64.0,1.806179973983887,O=C(O[C@H]1C[N+]2(CCCOc3ccccc3)CCC1CC2)C(O)(c1cccs1)c1cccs1,O=C(O[C@H]1C[N+]2(CCCOc3ccccc3)CCC1CC2)C(O)(c1cccs1)c1cccs1,ASMXXROZKSBQIH-VITNCHFBSA-N,,,False,
TDC_Hepatocyte_AZ,in_vitro_CLint,human,hepatocyte,µL/min/10^6 cells,150.0,2.1760912590556813,CO[C@H]1C[C@@H]2CC[C@@H](C)[C@@](O)(O2)C(=O)C(=O)N2CCCC[C@H]2C(=O)O[C@H]([C@H](C)C[C@@H]2CC[C@@H](O)[C@H](OC)C2)CC(=O)[C@H](C)/C=C(\C)[C@@H](O)[C@@H](OC)C(=O)[C@H](C)C[C@H](C)/C=C/C=C/C=C/1C,CO[C@H]1C[C@@H]2CC[C@@H](C)[C@@](O)(O2)C(=O)C(=O)N2CCCC[C@H]2C(=O)O[C@H]([C@H](C)C[C@@H]2CC[C@@H](O)[C@H](OC)C2)CC(=O)[C@H](C)/C=C(\C)[C@@H](O)[C@@H](OC)C(=O)[C@H](C)C[C@H](C)/C=C/C=C/C=C/1C,QFJCIRLUMZQUOT-HPLJOQBZSA-N,,,False,
TDC_Hepatocyte_AZ,in_vitro_CLint,human,hepatocyte,µL/min/10^6 cells,150.0,2.1760912590556813,COc1ccc(CNC(=O)CSc2nc3cccnc3s2)cc1,COc1ccc(CNC(=O)CSc2nc3cccnc3s2)cc1,DYZBVHSZWXIDDQ-UHFFFAOYSA-N,,,False,
TDC_Hepatocyte_AZ,in_vitro_CLint,human,hepatocyte,µL/min/10^6 cells,40.74,1.6100210246641453,COCCN(C)c1ccc(Nc2ncc3cc(-c4ccncc4)ccc3n2)cc1,COCCN(C)c1ccc(Nc2ncc3cc(-c4ccncc4)ccc3n2)cc1,WTCDINHTJWFNSD-UHFFFAOYSA-N,,,False,
TDC_Hepatocyte_AZ,in_vitro_CLint,human,hepatocyte,µL/min/10^6 cells,150.0,2.1760912590556813,Cc1ccc2nc(C[N+]34CCC(CC3)[C@@H](OC(=O)[C@](C)(c3ccccc3)N3CCCCC3)C4)oc2c1,Cc1ccc2nc(C[N+]34CCC(CC3)[C@@H](OC(=O)[C@](C)(c3ccccc3)N3CCCCC3)C4)oc2c1,BTNKJHBSKAVDTH-WMBYLGNXSA-N,,,False,
TDC_Hepatocyte_AZ,in_vitro_CLint,human,hepatocyte,µL/min/10^6 cells,150.0,2.1760912590556813,COc1ccc2ncc(=O)n(CCN3CCC(NCc4cc5c(cn4)OCCO5)CC3)c2c1,COc1ccc2ncc(=O)n(CCN3CCC(NCc4cc5c(cn4)OCCO5)CC3)c2c1,BXRUVICIPTZRAL-UHFFFAOYSA-N,,,False,
TDC_Hepatocyte_AZ,in_vitro_CLint,human,hepatocyte,µL/min/10^6 cells,150.0,2.1760912590556813,COC(=O)c1ccc(C)c(NS(=O)(=O)c2ccc3c(c2)c(=O)sn3C)c1,COC(=O)c1ccc(C)c(NS(=O)(=O)c2ccc3c(c2)c(=O)sn3C)c1,WSDBCZFGPGHNDE-UHFFFAOYSA-N,,,False,
TDC_Hepatocyte_AZ,in_vitro_CLint,human,hepatocyte,µL/min/10^6 cells,150.0,2.1760912590556813,O=C(O)CCc1ccc(OCc2cccc(Oc3ccccc3)c2)cc1,O=C(O)CCc1ccc(OCc2cccc(Oc3ccccc3)c2)cc1,BWNUDKFBKGPSBH-UHFFFAOYSA-N,,,False,
TDC_Hepatocyte_AZ,in_vitro_CLint,human,hepatocyte,µL/min/10^6 cells,9.12,0.9599948383284161,C[C@H]1C[C@H]2[C@@H]3CC[C@](O)(C(=O)CO)[C@@]3(C)C[C@H](O)[C@@H]2[C@@]2(C)C=CC(=O)C=C12,C[C@H]1C[C@@H]2[C@H]([C@@H](O)C[C@@]3(C)[C@H]2CC[C@]3(O)C(=O)CO)[C@@]2(C)C=CC(=O)C=C12,VHRSUDSXCMQTMA-PJHHCJLFSA-N,,,False,
TDC_Hepatocyte_AZ,in_vitro_CLint,human,hepatocyte,µL/min/10^6 cells,150.0,2.1760912590556813,O=C(Nc1cc(-c2ccnc(Nc3ccccc3)c2)ccn1)C1CCOCC1,O=C(Nc1cc(-c2ccnc(Nc3ccccc3)c2)ccn1)C1CCOCC1,CBHOUOHFUVTLFG-UHFFFAOYSA-N,,,False,
TDC_Hepatocyte_AZ,in_vitro_CLint,human,hepatocyte,µL/min/10^6 cells,150.0,2.1760912590556813,N#CCC(CNc1ncc(C(F)(F)F)cc1Cl)OC(=O)c1c(F)cccc1F,N#CCC(CNc1ncc(C(F)(F)F)cc1Cl)OC(=O)c1c(F)cccc1F,WWZPQCDNQYPEIV-UHFFFAOYSA-N,,,True,
TDC_Hepatocyte_AZ,in_vitro_CLint,human,hepatocyte,µL/min/10^6 cells,3.0,0.47712125471966244,O=C(O)COc1ccccc1N1CCC(CN2CCC(Oc3ccc(Cl)c(Cl)c3)CC2)CC1,O=C(O)COc1ccccc1N1CCC(CN2CCC(Oc3ccc(Cl)c(Cl)c3)CC2)CC1,MNSGCVNHLLGCDG-UHFFFAOYSA-N,,,False,
TDC_Hepatocyte_AZ,in_vitro_CLint,human,hepatocyte,µL/min/10^6 cells,3.0,0.47712125471966244,COc1cc2ncnc(Nc3cc4ccccc4cn3)c2cc1OC,COc1cc2ncnc(Nc3cc4ccccc4cn3)c2cc1OC,TWVXDJSEKDRXKV-UHFFFAOYSA-N,,,False,
TDC_Hepatocyte_AZ,in_vitro_CLint,human,hepatocyte,µL/min/10^6 cells,3.0,0.47712125471966244,CCS(=O)(=O)Nc1cccc2c1c(Oc1ccc(Cl)cc1)c(C)n2CC(=O)O,CCS(=O)(=O)Nc1cccc2c1c(Oc1ccc(Cl)cc1)c(C)n2CC(=O)O,CMGUAOOJGFBGME-UHFFFAOYSA-N,,,False,
TDC_Hepatocyte_AZ,in_vitro_CLint,human,hepatocyte,µL/min/10^6 cells,25.0,1.3979400086720377,COc1cccc2c1c(NS(=O)(=O)c1ccc(Cl)s1)nn2Cc1cccc(CNC(=O)C(C)(C)O)c1,COc1cccc2c1c(NS(=O)(=O)c1ccc(Cl)s1)nn2Cc1cccc(CNC(=O)C(C)(C)O)c1,YTEVTHHGQMUPHC-UHFFFAOYSA-N,,,False,
TDC_Hepatocyte_AZ,in_vitro_CLint,human,hepatocyte,µL/min/10^6 cells,25.12,1.4000196350651586,C[C@H]1CN(C(=O)[C@@H]2CN(C(C)(C)C)C[C@H]2c2ccc(F)cc2F)C[C@@H](C)[C@]1(O)c1ccccc1,C[C@@H]1CN(C(=O)[C@@H]2CN(C(C)(C)C)C[C@H]2c2ccc(F)cc2F)C[C@H](C)[C@@]1(O)c1ccccc1,WHPJOAUPIZDJNX-AGGGUQDCSA-N,,,False,
TDC_Hepatocyte_AZ,in_vitro_CLint,human,hepatocyte,µL/min/10^6 cells,25.7,1.4099331233312946,O=C(O)c1cc2cc(OCc3ccccc3)ccc2[nH]1,O=C(O)c1cc2cc(OCc3ccccc3)ccc2[nH]1,MVCLSAMNMAWXFQ-UHFFFAOYSA-N,,,False,
TDC_Hepatocyte_AZ,in_vitro_CLint,human,hepatocyte,µL/min/10^6 cells,19.05,1.2798949800116382,Clc1ccc2ncc(-c3cccc(NC4CNC4)n3)n2c1,Clc1ccc2ncc(-c3cccc(NC4CNC4)n3)n2c1,RDTAHMIMQLRAMR-UHFFFAOYSA-N,,,False,
TDC_Hepatocyte_AZ,in_vitro_CLint,human,hepatocyte,µL/min/10^6 cells,19.5,1.290034611362518,NC1(c2ccc(-c3ncc4cccnc4c3-c3ccccc3)cc2)CCC1,NC1(c2ccc(-c3ncc4cccnc4c3-c3ccccc3)cc2)CCC1,JJYHGGFMSOGVHA-UHFFFAOYSA-N,,,False,
TDC_Hepatocyte_AZ,in_vitro_CLint,human,hepatocyte,µL/min/10^6 cells,20.0,1.3010299956639813,Cc1cc(CN2CCc3ccccc3C2C(=O)Nc2ccc(Cl)cc2Cl)ccc1OCC(=O)O,Cc1cc(CN2CCc3ccccc3C2C(=O)Nc2ccc(Cl)cc2Cl)ccc1OCC(=O)O,KRPUFNAIBFHUHU-UHFFFAOYSA-N,,,False,
TDC_Hepatocyte_AZ,in_vitro_CLint,human,hepatocyte,µL/min/10^6 cells,8.71,0.9400181550076633,CCCCC1C(=O)N(c2ccccc2)N(c2ccccc2)C1=O,CCCCC1C(=O)N(c2ccccc2)N(c2ccccc2)C1=O,VYMDGNCVAMGZFE-UHFFFAOYSA-N,,,False,
TDC_Hepatocyte_AZ,in_vitro_CLint,human,hepatocyte,µL/min/10^6 cells,100.0,2.0,O=C(c1cccc(Cc2n[nH]c(=O)c3ccccc23)c1)N1CCN(c2ncccn2)CC1,O=C(c1cccc(Cc2n[nH]c(=O)c3ccccc23)c1)N1CCN(c2ncccn2)CC1,SFUJPZOVEJALDI-UHFFFAOYSA-N,,,False,
TDC_Hepatocyte_AZ,in_vitro_CLint,human,hepatocyte,µL/min/10^6 cells,107.15,2.0299921753778474,CCC(=O)O[C@]1(C(=O)SCF)[C@H](C)C[C@H]2[C@@H]3C[C@H](F)C4=CC(=O)C=C[C@]4(C)[C@@]3(F)[C@@H](O)C[C@@]21C,CCC(=O)O[C@]1(C(=O)SCF)[C@H](C)C[C@H]2[C@@H]3C[C@H](F)C4=CC(=O)C=C[C@]4(C)[C@@]3(F)[C@@H](O)C[C@@]21C,WMWTYOKRWGGJOA-CENSZEJFSA-N,,,True,
TDC_Hepatocyte_AZ,in_vitro_CLint,human,hepatocyte,µL/min/10^6 cells,134.9,2.1300119496719043,O=c1c2sccc2n(CC2COc3ccccc3O2)c(=O)n1O,O=c1c2sccc2n(CC2COc3ccccc3O2)c(=O)n1O,MXQGCMQXTPTJJT-UHFFFAOYSA-N,,,False,
TDC_Hepatocyte_AZ,in_vitro_CLint,human,hepatocyte,µL/min/10^6 cells,3.31,0.5198279937757188,O=C(NS(=O)(=O)c1ccccc1Cl)c1ccc[nH]1,O=C(NS(=O)(=O)c1ccccc1Cl)c1ccc[nH]1,CFJZMADAGPVECG-UHFFFAOYSA-N,,,False,
TDC_Hepatocyte_AZ,in_vitro_CLint,human,hepatocyte,µL/min/10^6 cells,3.39,0.5301996982030822,CC1(C)S[C@@H]2[C@H](NC(=O)C(C(=O)O)c3ccccc3)C(=O)N2[C@H]1C(=O)O,CC1(C)S[C@@H]2[C@H](NC(=O)C(C(=O)O)c3ccccc3)C(=O)N2[C@H]1C(=O)O,FPPNZSSZRUTDAP-UWFZAAFLSA-N,,,False,
TDC_Hepatocyte_AZ,in_vitro_CLint,human,hepatocyte,µL/min/10^6 cells,3.39,0.5301996982030822,CC(C)(C)NS(=O)(=O)c1cncc(-c2ccc3nc(NC(=O)NCC(=O)N4CCOCC4)nn3c2)c1,CC(C)(C)NS(=O)(=O)c1cncc(-c2ccc3nc(NC(=O)NCC(=O)N4CCOCC4)nn3c2)c1,YYHMQTWHCVOTAO-UHFFFAOYSA-N,,,False,
TDC_Hepatocyte_AZ,in_vitro_CLint,human,hepatocyte,µL/min/10^6 cells,3.47,0.5403294747908738,CC(=O)C[C@H](c1ccccc1)c1c(O)c2ccccc2oc1=O,CC(=O)C[C@H](c1ccccc1)c1c(O)c2ccccc2oc1=O,PJVWKTKQMONHTI-OAHLLOKOSA-N,,,False,
TDC_Hepatocyte_AZ,in_vitro_CLint,human,hepatocyte,µL/min/10^6 cells,3.72,0.5705429398818975,C[C@@H](c1ccc(-c2ccc(F)cc2F)cc1)N1CC[C@](CCO)(c2ccc(F)cc2)OC1=O,C[C@@H](c1ccc(-c2ccc(F)cc2F)cc1)N1CC[C@](CCO)(c2ccc(F)cc2)OC1=O,SLSMHOGJKAPYQU-QLXKLKPCSA-N,,,True,
TDC_Hepatocyte_AZ,in_vitro_CLint,human,hepatocyte,µL/min/10^6 cells,4.27,0.6304278750250238,COc1ccc(-c2ccc3c(N4CCOC[C@@H]4C)nc(N4CCOC[C@@H]4C)nc3n2)cc1C(=O)N(C)C,COc1ccc(-c2ccc3c(N4CCOC[C@@H]4C)nc(N4CCOC[C@@H]4C)nc3n2)cc1C(=O)N(C)C,RCFKHMOMPCIKFL-ROUUACIJSA-N,,,False,
TDC_Hepatocyte_AZ,in_vitro_CLint,human,hepatocyte,µL/min/10^6 cells,3.39,0.5301996982030822,COc1cc2c(cc1-c1c(C)noc1C)ncc1[nH]c(=O)n([C@H](C)c3ccccn3)c12,COc1cc2c(cc1-c1c(C)noc1C)ncc1[nH]c(=O)n([C@H](C)c3ccccn3)c12,VUVUVNZRUGEAHB-CYBMUJFWSA-N,,,False,
TDC_Hepatocyte_AZ,in_vitro_CLint,human,hepatocyte,µL/min/10^6 cells,3.0,0.47712125471966244,N[C@@H](C(=O)N[C@@H]1C(=O)N2C(C(=O)O)=C(Cl)CC[C@H]12)c1ccccc1,N[C@@H](C(=O)N[C@@H]1C(=O)N2C(C(=O)O)=C(Cl)CC[C@H]12)c1ccccc1,JAPHQRWPEGVNBT-UTUOFQBUSA-N,,,False,
TDC_Hepatocyte_AZ,in_vitro_CLint,human,hepatocyte,µL/min/10^6 cells,3.0,0.47712125471966244,O=c1cc(-c2ccc(Br)cc2)oc2ccccc12,O=c1cc(-c2ccc(Br)cc2)oc2ccccc12,URZUAHXELZUWFE-UHFFFAOYSA-N,,,False,
TDC_Hepatocyte_AZ,in_vitro_CLint,human,hepatocyte,µL/min/10^6 cells,3.0,0.47712125471966244,CC1CNC(Nc2c(Cl)cccc2Cl)=N1,CC1CNC(Nc2c(Cl)cccc2Cl)=N1,ITKQNORKNISIMB-UHFFFAOYSA-N,,,False,
TDC_Hepatocyte_AZ,in_vitro_CLint,human,hepatocyte,µL/min/10^6 cells,8.13,0.9100905455940682,CCOc1noc2cc(OCCC3CCN(c4ccc(C)nn4)CC3)ccc12,CCOc1noc2cc(OCCC3CCN(c4ccc(C)nn4)CC3)ccc12,DKSVBVKHUICELN-UHFFFAOYSA-N,,,False,
TDC_Hepatocyte_AZ,in_vitro_CLint,human,hepatocyte,µL/min/10^6 cells,8.13,0.9100905455940682,Cc1nn(C)c2cc(N3CCN(C(=O)[C@@H]4CCCC[C@H]4C(=O)NC4(C#N)CC4)[C@H](C)C3)ccc12,Cc1nn(C)c2cc(N3CCN(C(=O)[C@@H]4CCCC[C@H]4C(=O)NC4(C#N)CC4)[C@H](C)C3)ccc12,DKJNJGMFODPLQX-ZPMCFJSWSA-N,,,False,
TDC_Hepatocyte_AZ,in_vitro_CLint,human,hepatocyte,µL/min/10^6 cells,3.0,0.47712125471966244,O=C(O)COc1ccc(Cl)cc1CN1CCC(S(=O)(=O)c2ccccc2)CC1,O=C(O)COc1ccc(Cl)cc1CN1CCC(S(=O)(=O)c2ccccc2)CC1,YWOJVUTXDCHINB-UHFFFAOYSA-N,,,False,
TDC_Hepatocyte_AZ,in_vitro_CLint,human,hepatocyte,µL/min/10^6 cells,3.0,0.47712125471966244,CCCCC(=O)N(Cc1ccc(-c2ccccc2-c2nnn[nH]2)cc1)[C@H](C(=O)O)C(C)C,CCCCC(=O)N(Cc1ccc(-c2ccccc2-c2nnn[nH]2)cc1)[C@H](C(=O)O)C(C)C,ACWBQPMHZXGDFX-QFIPXVFZSA-N,,,False,
TDC_Hepatocyte_AZ,in_vitro_CLint,human,hepatocyte,µL/min/10^6 cells,23.2,1.3654879848908996,CCC1=C(C)CN(C(=O)NCCc2ccc(S(=O)(=O)NC(=O)N[C@H]3CC[C@H](C)CC3)cc2)C1=O,CCC1=C(C)CN(C(=O)NCCc2ccc(S(=O)(=O)NC(=O)N[C@H]3CC[C@H](C)CC3)cc2)C1=O,WIGIZIANZCJQQY-RUCARUNLSA-N,,,False,
TDC_Hepatocyte_AZ,in_vitro_CLint,human,hepatocyte,µL/min/10^6 cells,130.0,2.113943352306837,COc1cccc(Nc2c(C(N)=O)cnc3c(C)cc(S(=O)(=O)c4cccc(C(=O)N(C)C)c4)cc23)c1,COc1cccc(Nc2c(C(N)=O)cnc3c(C)cc(S(=O)(=O)c4cccc(C(=O)N(C)C)c4)cc23)c1,JFHROPTYMMSOLG-UHFFFAOYSA-N,,,False,
TDC_Hepatocyte_AZ,in_vitro_CLint,human,hepatocyte,µL/min/10^6 cells,13.8,1.1398790864012365,NC(=O)NC(=O)C(Nc1ccc2c(c1)CCC2)c1ccccc1,NC(=O)NC(=O)C(Nc1ccc2c(c1)CCC2)c1ccccc1,YHAMWDFRLHXMHG-UHFFFAOYSA-N,,,False,
TDC_Hepatocyte_AZ,in_vitro_CLint,human,hepatocyte,µL/min/10^6 cells,27.0,1.4313637641589874,CCOc1ccc2oc(C(=O)NC(CCSC)c3nc4ccccc4[nH]3)c(C)c2c1,CCOc1ccc2oc(C(=O)NC(CCSC)c3nc4ccccc4[nH]3)c(C)c2c1,AIMYRLXVAOYQLA-UHFFFAOYSA-N,,,False,
TDC_Hepatocyte_AZ,in_vitro_CLint,human,hepatocyte,µL/min/10^6 cells,42.66,1.63002085111341,Cc1nnc2n1-c1ccc(Cl)cc1C(c1ccccc1)=NC2,Cc1nnc2n1-c1ccc(Cl)cc1C(c1ccccc1)=NC2,VREFGVBLTWBCJP-UHFFFAOYSA-N,,,False,
TDC_Hepatocyte_AZ,in_vitro_CLint,human,hepatocyte,µL/min/10^6 cells,3.0,0.47712125471966244,C[C@@H](C(N)=O)c1ccc(OS(=O)(=O)C(F)(F)F)cc1,C[C@@H](C(N)=O)c1ccc(OS(=O)(=O)C(F)(F)F)cc1,UVKSSLZRUNYLIM-ZCFIWIBFSA-N,,,True,
TDC_Hepatocyte_AZ,in_vitro_CLint,human,hepatocyte,µL/min/10^6 cells,23.44,1.369957607346053,CC(C)c1cc(C(=O)N2Cc3ccc(CN4CCN(C)CC4)cc3C2)c(O)cc1O,CC(C)c1cc(C(=O)N2Cc3ccc(CN4CCN(C)CC4)cc3C2)c(O)cc1O,IFRGXKKQHBVPCQ-UHFFFAOYSA-N,,,False,
TDC_Hepatocyte_AZ,in_vitro_CLint,human,hepatocyte,µL/min/10^6 cells,23.99,1.3800302479678306,CN(C)CCNc1cc(-c2ccccc2)nc2cc(-c3ccc(F)cc3)nn12,CN(C)CCNc1cc(-c2ccccc2)nc2cc(-c3ccc(F)cc3)nn12,KTSGRIPMZQSHQN-UHFFFAOYSA-N,,,False,
TDC_Hepatocyte_AZ,in_vitro_CLint,human,hepatocyte,µL/min/10^6 cells,24.55,1.3900514964589872,CCS(=O)(=O)c1ccc2[nH]c(-c3cccc(-c4ccccc4)c3)nc2c1,CCS(=O)(=O)c1ccc2[nH]c(-c3cccc(-c4ccccc4)c3)nc2c1,UCTMDJGIDNKBDF-UHFFFAOYSA-N,,,False,
TDC_Hepatocyte_AZ,in_vitro_CLint,human,hepatocyte,µL/min/10^6 cells,24.55,1.3900514964589872,O=c1cc(N2CCOCC2)nc2n(Cc3cccc(Cl)c3Cl)ccn12,O=c1cc(N2CCOCC2)nc2n(Cc3cccc(Cl)c3Cl)ccn12,YGCPMTVIAJZRNZ-UHFFFAOYSA-N,,,False,
TDC_Hepatocyte_AZ,in_vitro_CLint,human,hepatocyte,µL/min/10^6 cells,25.7,1.4099331233312946,COc1ccncc1-c1ccccc1CN(C(=O)c1ccc(-c2ccc(C#N)cc2)o1)c1ccc(N2CCNCC2)cc1,COc1ccncc1-c1ccccc1CN(C(=O)c1ccc(-c2ccc(C#N)cc2)o1)c1ccc(N2CCNCC2)cc1,XSGBGNIHTMRFKW-UHFFFAOYSA-N,,,False,
TDC_Hepatocyte_AZ,in_vitro_CLint,human,hepatocyte,µL/min/10^6 cells,25.7,1.4099331233312946,Cc1ccc(-c2cc(C(F)(F)F)nn2-c2ccc(S(N)(=O)=O)cc2)cc1,Cc1ccc(-c2cc(C(F)(F)F)nn2-c2ccc(S(N)(=O)=O)cc2)cc1,RZEKVGVHFLEQIL-UHFFFAOYSA-N,,,True,
TDC_Hepatocyte_AZ,in_vitro_CLint,human,hepatocyte,µL/min/10^6 cells,26.3,1.4199557484897578,CCN(CC)CCNc1ncnc2c1sc1nc(N3CCOCC3)c3c(c12)CCCC3,CCN(CC)CCNc1ncnc2c1sc1nc(N3CCOCC3)c3c(c12)CCCC3,BDSHHQZMJSYVRC-UHFFFAOYSA-N,,,False,
TDC_Hepatocyte_AZ,in_vitro_CLint,human,hepatocyte,µL/min/10^6 cells,26.92,1.4300750555519393,CCOc1ncc(C)c2c1[C@H](c1ccc(C#N)cc1OC)C(C(N)=O)=C(C)N2,CCOc1ncc(C)c2c1[C@H](c1ccc(C#N)cc1OC)C(C(N)=O)=C(C)N2,BTBHLEZXCOBLCY-QGZVFWFLSA-N,,,False,
TDC_Hepatocyte_AZ,in_vitro_CLint,human,hepatocyte,µL/min/10^6 cells,35.48,1.5499836111596887,Oc1nc2ccccc2n1C1CCN(Cc2ccc(-c3nc4ccccc4cc3-c3ccccc3)cc2)CC1,Oc1nc2ccccc2n1C1CCN(Cc2ccc(-c3nc4ccccc4cc3-c3ccccc3)cc2)CC1,YYFLDZZDOUDZQM-UHFFFAOYSA-N,,,False,
TDC_Hepatocyte_AZ,in_vitro_CLint,human,hepatocyte,µL/min/10^6 cells,19.0,1.2787536009528289,O=C(CC12CC3CC(CC(C3)C1)C2)Nc1cccc2c(=O)n(C(CO)CO)ccc12,O=C(CC12CC3CC(CC(C3)C1)C2)Nc1cccc2c(=O)n(C(CO)CO)ccc12,POPXTQJORVQTRM-UHFFFAOYSA-N,,,False,
TDC_Hepatocyte_AZ,in_vitro_CLint,human,hepatocyte,µL/min/10^6 cells,5.13,0.7101173651118162,NC(=O)c1cnc(-c2ccc(C3(N)CCC3)cc2)c(-c2ccccc2)c1,NC(=O)c1cnc(-c2ccc(C3(N)CCC3)cc2)c(-c2ccccc2)c1,GIRZDHCBMNHMEH-UHFFFAOYSA-N,,,False,
TDC_Hepatocyte_AZ,in_vitro_CLint,human,hepatocyte,µL/min/10^6 cells,6.0,0.7781512503836436,Cc1ccc(NC(=O)c2cccc(N3CCOCC3)c2)cc1-n1cnc2ccc(N3CCN(C)CC3)cc2c1=O,Cc1ccc(NC(=O)c2cccc(N3CCOCC3)c2)cc1-n1cnc2ccc(N3CCN(C)CC3)cc2c1=O,AYOQBSVJMUNSBV-UHFFFAOYSA-N,,,False,
TDC_Hepatocyte_AZ,in_vitro_CLint,human,hepatocyte,µL/min/10^6 cells,30.51,1.484442207642407,NCCCCN(Cc1nc2ccccc2[nH]1)[C@H]1CCCc2cccnc21,NCCCCN(Cc1nc2ccccc2[nH]1)[C@H]1CCCc2cccnc21,WVLHHLRVNDMIAR-IBGZPJMESA-N,,,False,
TDC_Hepatocyte_AZ,in_vitro_CLint,human,hepatocyte,µL/min/10^6 cells,19.95,1.299942900022767,O=C(CCCc1ccc2cccnc2n1)NCc1cc(-c2ccc(F)c(C(F)(F)F)c2)no1,O=C(CCCc1ccc2cccnc2n1)NCc1cc(-c2ccc(F)c(C(F)(F)F)c2)no1,SWKGPCNQBPGWNX-UHFFFAOYSA-N,,,True,
TDC_Hepatocyte_AZ,in_vitro_CLint,human,hepatocyte,µL/min/10^6 cells,21.0,1.3222192947339193,Cc1ccc(S(=O)(=O)Nc2c(C(=O)N(C)C3CCCCC3)c(C)nn2-c2ccccc2)cc1,Cc1ccc(S(=O)(=O)Nc2c(C(=O)N(C)C3CCCCC3)c(C)nn2-c2ccccc2)cc1,LZJNFCVJVFKBPQ-UHFFFAOYSA-N,,,False,
TDC_Hepatocyte_AZ,in_vitro_CLint,human,hepatocyte,µL/min/10^6 cells,30.9,1.4899584794248346,CC(C)C[C@H](CO)Nc1nc(S[C@@H](C)c2ccccc2F)nc2nc(N)sc12,CC(C)C[C@H](CO)Nc1nc(S[C@@H](C)c2ccccc2F)nc2nc(N)sc12,PQYZCJMYDYNLKP-NWDGAFQWSA-N,,,False,
TDC_Hepatocyte_AZ,in_vitro_CLint,human,hepatocyte,µL/min/10^6 cells,22.39,1.3500540935790302,CCC[C@H](CO)Nc1nc(S[C@@H](C)c2cccc(C#N)c2)nc2[nH]c(=O)sc12,CCC[C@H](CO)Nc1nc(S[C@@H](C)c2cccc(C#N)c2)nc2[nH]c(=O)sc12,COQNFUICOUPODA-SMDDNHRTSA-N,,,False,
TDC_Hepatocyte_AZ,in_vitro_CLint,human,hepatocyte,µL/min/10^6 cells,23.22,1.365862215402555,C[C@H](CO)Nc1nc(SCc2cccc(F)c2F)nc2[nH]c(=O)cnc12,C[C@H](CO)Nc1nc(SCc2cccc(F)c2F)nc2[nH]c(=O)cnc12,LTHIETOWBQBYAF-MRVPVSSYSA-N,,,False,
TDC_Hepatocyte_AZ,in_vitro_CLint,human,hepatocyte,µL/min/10^6 cells,109.65,2.0400086360135417,CC(C)c1ccc(NC(=O)NCCCSC[C@H]2O[C@@H](n3cnc4c(N)ncnc43)[C@H](O)[C@@H]2O)cc1,CC(C)c1ccc(NC(=O)NCCCSC[C@H]2O[C@@H](n3cnc4c(N)ncnc43)[C@H](O)[C@@H]2O)cc1,INBWFQMVGLHKHO-WGQQHEPDSA-N,,,False,
TDC_Hepatocyte_AZ,in_vitro_CLint,human,hepatocyte,µL/min/10^6 cells,7.33,0.865103974641128,Cc1ccc(C(=O)c2ccc(CC(=O)O)n2C)cc1,Cc1ccc(C(=O)c2ccc(CC(=O)O)n2C)cc1,UPSPUYADGBWSHF-UHFFFAOYSA-N,,,False,
TDC_Hepatocyte_AZ,in_vitro_CLint,human,hepatocyte,µL/min/10^6 cells,7.94,0.8998205024270963,NC1=Nc2ccccc2Sc2ccccc21,NC1=Nc2ccccc2Sc2ccccc21,HTGHLKRKXHUWOW-UHFFFAOYSA-N,,,False,
TDC_Hepatocyte_AZ,in_vitro_CLint,human,hepatocyte,µL/min/10^6 cells,23.44,1.369957607346053,Nc1cc(C(=O)Nc2cccc(-c3nnn[nH]3)c2)cc(C(F)(F)F)c1,Nc1cc(C(=O)Nc2cccc(-c3nnn[nH]3)c2)cc(C(F)(F)F)c1,LHVITJKAAOBDHR-UHFFFAOYSA-N,,,True,
TDC_Hepatocyte_AZ,in_vitro_CLint,human,hepatocyte,µL/min/10^6 cells,8.51,0.9299295600845878,O=C1Nc2ccc(Cl)cc2[C@@](C#CC2CC2)(C(F)(F)F)O1,O=C1Nc2ccc(Cl)cc2[C@@](C#CC2CC2)(C(F)(F)F)O1,XPOQHMRABVBWPR-ZDUSSCGKSA-N,,,True,
TDC_Hepatocyte_AZ,in_vitro_CLint,human,hepatocyte,µL/min/10^6 cells,21.88,1.3400473176613932,C#Cc1cccc(Nc2ncnc3cc4c(cc23)OCCOCCOCCO4)c1,C#Cc1cccc(Nc2ncnc3cc4c(cc23)OCCOCCOCCO4)c1,QQLKULDARVNMAL-UHFFFAOYSA-N,,,False,
TDC_Hepatocyte_AZ,in_vitro_CLint,human,hepatocyte,µL/min/10^6 cells,3.0,0.47712125471966244,NC1(c2ccc(-c3ncc4cccn4c3-c3ccccc3)cc2)CCC1,NC1(c2ccc(-c3ncc4cccn4c3-c3ccccc3)cc2)CCC1,QLMXZXJYKSBDBE-UHFFFAOYSA-N,,,False,
TDC_Hepatocyte_AZ,in_vitro_CLint,human,hepatocyte,µL/min/10^6 cells,3.0,0.47712125471966244,Cc1nn(C)c2ccc(N3CCN(C(=O)[C@@H]4CCCC[C@H]4C(=O)NC4(C#N)CC4)[C@H](C)C3)cc12,Cc1nn(C)c2ccc(N3CCN(C(=O)[C@@H]4CCCC[C@H]4C(=O)NC4(C#N)CC4)[C@H](C)C3)cc12,KFZXSMATDSSFDD-DUXKGJEZSA-N,,,False,
TDC_Hepatocyte_AZ,in_vitro_CLint,human,hepatocyte,µL/min/10^6 cells,3.0,0.47712125471966244,Cc1c(CC(=O)O)c2cc(F)ccc2n1S(=O)(=O)c1ccc(S(C)(=O)=O)cc1,Cc1c(CC(=O)O)c2cc(F)ccc2n1S(=O)(=O)c1ccc(S(C)(=O)=O)cc1,HKLGBZGYRPIFOH-UHFFFAOYSA-N,,,False,
TDC_Hepatocyte_AZ,in_vitro_CLint,human,hepatocyte,µL/min/10^6 cells,109.65,2.0400086360135417,CC(C)Oc1ccc2c(=O)c(-c3ccccc3)coc2c1,CC(C)Oc1ccc2c(=O)c(-c3ccccc3)coc2c1,SFBODOKJTYAUCM-UHFFFAOYSA-N,,,False,
TDC_Hepatocyte_AZ,in_vitro_CLint,human,hepatocyte,µL/min/10^6 cells,130.0,2.113943352306837,C[C@@](C(=O)O[C@H]1C[N+]2(CCc3ccccc3F)CCC1CC2)(c1ccccc1)N1CCCCC1,C[C@@](C(=O)O[C@H]1C[N+]2(CCc3ccccc3F)CCC1CC2)(c1ccccc1)N1CCCCC1,OMGBLXWNGZEFEP-NNMXADRKSA-N,,,False,
TDC_Hepatocyte_AZ,in_vitro_CLint,human,hepatocyte,µL/min/10^6 cells,137.0,2.1367205671564067,COC(=O)[C@H](c1ccccc1Cl)N1CCc2sccc2C1,COC(=O)[C@H](c1ccccc1Cl)N1CCc2sccc2C1,GKTWGGQPFAXNFI-HNNXBMFYSA-N,,,False,
TDC_Hepatocyte_AZ,in_vitro_CLint,human,hepatocyte,µL/min/10^6 cells,144.0,2.1583624920952498,Oc1nc2c(O)ccc(CCNCCCOCCOCCc3ccccc3)c2s1,Oc1nc2c(O)ccc(CCNCCCOCCOCCc3ccccc3)c2s1,HTLVPFBICBCKPX-UHFFFAOYSA-N,,,False,
TDC_Hepatocyte_AZ,in_vitro_CLint,human,hepatocyte,µL/min/10^6 cells,4.04,0.6063813651106049,Cc1c(Cc2ccc3ccccc3n2)c2cc(F)ccc2n1CC(=O)O,Cc1c(Cc2ccc3ccccc3n2)c2cc(F)ccc2n1CC(=O)O,FATGTHLOZSXOBC-UHFFFAOYSA-N,,,False,
TDC_Hepatocyte_AZ,in_vitro_CLint,human,hepatocyte,µL/min/10^6 cells,3.0,0.47712125471966244,O=C(O)COc1cccc(N2CCC(CN3CCC(Oc4ccc(Cl)c(Cl)c4)CC3)CC2)c1,O=C(O)COc1cccc(N2CCC(CN3CCC(Oc4ccc(Cl)c(Cl)c4)CC3)CC2)c1,VLUYCVQWTQUWPI-UHFFFAOYSA-N,,,False,
TDC_Hepatocyte_AZ,in_vitro_CLint,human,hepatocyte,µL/min/10^6 cells,3.0,0.47712125471966244,Cc1cn([C@H]2CCCN([C@@H](CC(C)(C)C)c3ccc(C(=O)O)c(Oc4cccc(Br)c4)c3)C2)c(=O)[nH]c1=O,Cc1cn([C@H]2CCCN([C@@H](CC(C)(C)C)c3ccc(C(=O)O)c(Oc4cccc(Br)c4)c3)C2)c(=O)[nH]c1=O,SXYGLXXKMZTVNB-URXFXBBRSA-N,,,False,
TDC_Hepatocyte_AZ,in_vitro_CLint,human,hepatocyte,µL/min/10^6 cells,3.0,0.47712125471966244,C[C@@H](C(=O)NS(C)(=O)=O)c1ccc(OS(=O)(=O)C(F)(F)F)cc1,C[C@@H](C(=O)NS(C)(=O)=O)c1ccc(OS(=O)(=O)C(F)(F)F)cc1,DDLPYOCJHQSVSZ-SSDOTTSWSA-N,,,True,
TDC_Hepatocyte_AZ,in_vitro_CLint,human,hepatocyte,µL/min/10^6 cells,3.0,0.47712125471966244,O=c1[nH]c2c(O)ccc([C@@H](O)CNCCSCCCNCCc3ccccc3)c2s1,O=c1[nH]c2c(O)ccc([C@@H](O)CNCCSCCCNCCc3ccccc3)c2s1,FMRMQJKRHKYSLD-IBGZPJMESA-N,,,False,
TDC_Hepatocyte_AZ,in_vitro_CLint,human,hepatocyte,µL/min/10^6 cells,3.0,0.47712125471966244,Cc1nnc(C)c2cc(N3CCN(C(=O)[C@@H]4CCCC[C@H]4C(=O)NC4(C#N)CC4)[C@H](C)C3)ccc12,Cc1nnc(C)c2cc(N3CCN(C(=O)[C@@H]4CCCC[C@H]4C(=O)NC4(C#N)CC4)[C@H](C)C3)ccc12,SQBHNGLRWQXEGU-NLSFWIRASA-N,,,False,
TDC_Hepatocyte_AZ,in_vitro_CLint,human,hepatocyte,µL/min/10^6 cells,113.0,2.0530784434834195,O=c1[nH]c2c(O)ccc([C@@H](O)CNCCCSCCOCCc3ccccc3)c2s1,O=c1[nH]c2c(O)ccc([C@@H](O)CNCCCSCCOCCc3ccccc3)c2s1,GIBUZEJUJJDWTJ-IBGZPJMESA-N,,,False,
TDC_Hepatocyte_AZ,in_vitro_CLint,human,hepatocyte,µL/min/10^6 cells,150.0,2.1760912590556813,O=C(Nc1nc2ccccc2n1CCN1CCOCC1)c1cccc([N+](=O)[O-])c1,O=C(Nc1nc2ccccc2n1CCN1CCOCC1)c1cccc([N+](=O)[O-])c1,QTCFYQHZJIIHBS-UHFFFAOYSA-N,,,False,
TDC_Hepatocyte_AZ,in_vitro_CLint,human,hepatocyte,µL/min/10^6 cells,69.18,1.8399805576783428,O=C(N[C@H](CO)[C@H](O)c1ccc([N+](=O)[O-])cc1)C(Cl)Cl,O=C(N[C@H](CO)[C@H](O)c1ccc([N+](=O)[O-])cc1)C(Cl)Cl,WIIZWVCIJKGZOK-RKDXNWHRSA-N,,,False,
TDC_Hepatocyte_AZ,in_vitro_CLint,human,hepatocyte,µL/min/10^6 cells,77.0,1.8864907251724818,CCN(CC)CCn1c2ccccc2c2cnc(N)c(C#N)c21,CCN(CC)CCn1c2ccccc2c2cnc(N)c(C#N)c21,YEVMYZBKILWGFV-UHFFFAOYSA-N,,,False,
TDC_Hepatocyte_AZ,in_vitro_CLint,human,hepatocyte,µL/min/10^6 cells,107.0,2.0293837776852097,CCCN(CCNCCc1ccc(O)c2[nH]c(=O)sc12)C(=O)CCOCCc1ccccc1,CCCN(CCNCCc1ccc(O)c2[nH]c(=O)sc12)C(=O)CCOCCc1ccccc1,SEVGGLORRBRKBR-UHFFFAOYSA-N,,,False,
TDC_Hepatocyte_AZ,in_vitro_CLint,human,hepatocyte,µL/min/10^6 cells,150.0,2.1760912590556813,COc1cc(NC(=O)c2ccccn2)ccc1Cl,COc1cc(NC(=O)c2ccccn2)ccc1Cl,ARYUXFNGXHNNDM-UHFFFAOYSA-N,,,False,
TDC_Hepatocyte_AZ,in_vitro_CLint,human,hepatocyte,µL/min/10^6 cells,7.41,0.8698182079793282,Cc1nn(C)c2cc(N3CCN(C(=O)[C@@H]4CCCC[C@H]4C(=O)NC4(C#N)CC4)[C@H](C)C3)ccc12,Cc1nn(C)c2cc(N3CCN(C(=O)[C@@H]4CCCC[C@H]4C(=O)NC4(C#N)CC4)[C@H](C)C3)ccc12,DKJNJGMFODPLQX-ZPMCFJSWSA-N,,,False,
TDC_Hepatocyte_AZ,in_vitro_CLint,human,hepatocyte,µL/min/10^6 cells,42.66,1.63002085111341,CC1(CCCc2cc(=O)oc3[nH]c(=O)[nH]c(=O)c23)CC1,CC1(CCCc2cc(=O)oc3[nH]c(=O)[nH]c(=O)c23)CC1,ARJKMWXLIHZLQZ-UHFFFAOYSA-N,,,False,
TDC_Hepatocyte_AZ,in_vitro_CLint,human,hepatocyte,µL/min/10^6 cells,25.12,1.4000196350651586,CC(C)NCC(O)COc1ccc(COCCOC(C)C)cc1,CC(C)NCC(O)COc1ccc(COCCOC(C)C)cc1,VHYCDWMUTMEGQY-UHFFFAOYSA-N,,,False,
TDC_Hepatocyte_AZ,in_vitro_CLint,human,hepatocyte,µL/min/10^6 cells,25.7,1.4099331233312946,CC(C)(C)NC(=O)[C@@H]1C[C@@H]2CCCC[C@@H]2CN1C[C@@H](O)[C@H](Cc1ccccc1)NC(=O)[C@H](CC(N)=O)NC(=O)c1ccc2ccccc2n1,CC(C)(C)NC(=O)[C@@H]1C[C@@H]2CCCC[C@@H]2CN1C[C@@H](O)[C@H](Cc1ccccc1)NC(=O)[C@H](CC(N)=O)NC(=O)c1ccc2ccccc2n1,QWAXKHKRTORLEM-UGJKXSETSA-N,,,False,
TDC_Hepatocyte_AZ,in_vitro_CLint,human,hepatocyte,µL/min/10^6 cells,29.0,1.462397997898956,COc1ccnc(CCc2nc3cc(Br)cnc3[nH]2)c1,COc1ccnc(CCc2nc3cc(Br)cnc3[nH]2)c1,NCNCDRDHFQNSFX-UHFFFAOYSA-N,,,False,
TDC_Hepatocyte_AZ,in_vitro_CLint,human,hepatocyte,µL/min/10^6 cells,30.2,1.4800069429571505,O=C(c1ccc(F)cc1)C1CCN(CCn2c(=O)[nH]c3ccccc3c2=O)CC1,O=C(c1ccc(F)cc1)C1CCN(CCn2c(=O)[nH]c3ccccc3c2=O)CC1,FPCCSQOGAWCVBH-UHFFFAOYSA-N,,,False,
TDC_Hepatocyte_AZ,in_vitro_CLint,human,hepatocyte,µL/min/10^6 cells,32.0,1.505149978319906,O=C(Cc1ccc(Cl)c(C(F)(F)F)c1)Nc1cccc2c(=O)n(CCO)ccc12,O=C(Cc1ccc(Cl)c(C(F)(F)F)c1)Nc1cccc2c(=O)n(CCO)ccc12,HGCBZJDOYPMNEY-UHFFFAOYSA-N,,,True,
TDC_Hepatocyte_AZ,in_vitro_CLint,human,hepatocyte,µL/min/10^6 cells,10.96,1.0398105541483504,Cc1ccccc1-n1c(Cn2cnc3c(N)ncnc32)nc2cccc(C)c2c1=O,Cc1ccccc1-n1c(Cn2cnc3c(N)ncnc32)nc2cccc(C)c2c1=O,GNWHRHGTIBRNSM-UHFFFAOYSA-N,,,False,
TDC_Hepatocyte_AZ,in_vitro_CLint,human,hepatocyte,µL/min/10^6 cells,12.0,1.0791812460476249,O=c1[nH]c2c(O)ccc([C@@H](O)CNCCCSCCNCCc3ccccc3Cl)c2s1,O=c1[nH]c2c(O)ccc([C@@H](O)CNCCCSCCNCCc3ccccc3Cl)c2s1,GVHLBPYEIBTYRR-IBGZPJMESA-N,,,False,
TDC_Hepatocyte_AZ,in_vitro_CLint,human,hepatocyte,µL/min/10^6 cells,3.0,0.47712125471966244,O=CN(O)CCCP(=O)(O)O,O=CN(O)CCCP(=O)(O)O,GJXWDTUCERCKIX-UHFFFAOYSA-N,,,False,
TDC_Hepatocyte_AZ,in_vitro_CLint,human,hepatocyte,µL/min/10^6 cells,21.9,1.3404441148401183,C[C@H](Cc1cccc(CC(=O)NC23CC4CC(CC(C4)C2)C3)c1)NC[C@H](O)c1ccc(O)c(CO)c1,C[C@H](Cc1cccc(CC(=O)NC23CC4CC(CC(C4)C2)C3)c1)NC[C@H](O)c1ccc(O)c(CO)c1,AKGAYMDCLUSCDA-QLYZNEQGSA-N,,,False,
TDC_Hepatocyte_AZ,in_vitro_CLint,human,hepatocyte,µL/min/10^6 cells,22.91,1.3600250891893975,CCC(NC(=O)Nc1cc(Cl)ccc1Cl)(C(F)(F)F)C(F)(F)F,CCC(NC(=O)Nc1cc(Cl)ccc1Cl)(C(F)(F)F)C(F)(F)F,ZNYNDFGLQBTAEQ-UHFFFAOYSA-N,,,True,
TDC_Hepatocyte_AZ,in_vitro_CLint,human,hepatocyte,µL/min/10^6 cells,3.0,0.47712125471966244,OB1c2ccccc2N=C(S)N1c1cccnc1,OB1c2ccccc2N=C(S)N1c1cccnc1,AXKUPHLFUUVGJM-UHFFFAOYSA-N,,,False,
TDC_Hepatocyte_AZ,in_vitro_CLint,human,hepatocyte,µL/min/10^6 cells,17.38,1.2400497721126476,O=C1Nc2ccc(Cl)cc2C(c2ccccc2Cl)=NC1O,O=C1Nc2ccc(Cl)cc2C(c2ccccc2Cl)=NC1O,DIWRORZWFLOCLC-UHFFFAOYSA-N,,,False,
TDC_Hepatocyte_AZ,in_vitro_CLint,human,hepatocyte,µL/min/10^6 cells,3.0,0.47712125471966244,Cc1ccc(S(=O)(=O)Nc2c(C(=O)N[C@@H](C)C(C)(C)C)c(C)nn2C2CCN(CC(F)(F)F)CC2)cc1,Cc1ccc(S(=O)(=O)Nc2c(C(=O)N[C@@H](C)C(C)(C)C)c(C)nn2C2CCN(CC(F)(F)F)CC2)cc1,ASROBFZJWMKUSD-SFHVURJKSA-N,,,True,
TDC_Hepatocyte_AZ,in_vitro_CLint,human,hepatocyte,µL/min/10^6 cells,3.0,0.47712125471966244,Cc1ccc(S(=O)(=O)Nc2c(C(=O)N[C@@H](C)C(C)(C)C)c(C)nn2C2CCOC2)cc1,Cc1ccc(S(=O)(=O)Nc2c(C(=O)N[C@@H](C)C(C)(C)C)c(C)nn2C2CCOC2)cc1,WAWWEYNGBNBIMY-BHWOMJMDSA-N,,,False,
TDC_Hepatocyte_AZ,in_vitro_CLint,human,hepatocyte,µL/min/10^6 cells,150.0,2.1760912590556813,COc1ccc(N(C(C)=O)C(C(=O)NC2CCCC2)c2ccccc2F)c(OC)c1,COc1ccc(N(C(C)=O)C(C(=O)NC2CCCC2)c2ccccc2F)c(OC)c1,XYAZHOGSJDVHKT-UHFFFAOYSA-N,,,False,
TDC_Hepatocyte_AZ,in_vitro_CLint,human,hepatocyte,µL/min/10^6 cells,38.9,1.5899496013257077,O=C1CC2(CCCC2)CC(=O)N1CCCCN1CCN(c2ncccn2)CC1,O=C1CC2(CCCC2)CC(=O)N1CCCCN1CCN(c2ncccn2)CC1,QWCRAEMEVRGPNT-UHFFFAOYSA-N,,,False,
TDC_Hepatocyte_AZ,in_vitro_CLint,human,hepatocyte,µL/min/10^6 cells,48.98,1.6900187807886953,Cc1cn([C@H]2CCCN([C@H](CC(C)(C)C)c3ccc(C(=O)O)c(Oc4cccc(Br)c4)c3)C2)c(=O)[nH]c1=O,Cc1cn([C@H]2CCCN([C@H](CC(C)(C)C)c3ccc(C(=O)O)c(Oc4cccc(Br)c4)c3)C2)c(=O)[nH]c1=O,SXYGLXXKMZTVNB-XUZZJYLKSA-N,,,False,
TDC_Hepatocyte_AZ,in_vitro_CLint,human,hepatocyte,µL/min/10^6 cells,3.0,0.47712125471966244,N#Cc1ccc(OC2CCN(C[C@H](O)CNC(=O)c3c[nH]c(=O)c4ccccc34)CC2)cc1Cl,N#Cc1ccc(OC2CCN(C[C@H](O)CNC(=O)c3c[nH]c(=O)c4ccccc34)CC2)cc1Cl,PREVLKLSVWYCAY-QGZVFWFLSA-N,,,False,
TDC_Hepatocyte_AZ,in_vitro_CLint,human,hepatocyte,µL/min/10^6 cells,54.95,1.7399676967595095,COc1ccccc1-c1csc(-n2ncc(C#N)c2N)n1,COc1ccccc1-c1csc(-n2ncc(C#N)c2N)n1,IYNKGFHSFZKWKD-UHFFFAOYSA-N,,,False,
TDC_Hepatocyte_AZ,in_vitro_CLint,human,hepatocyte,µL/min/10^6 cells,6.76,0.829946695941636,COc1cc2nccc(Oc3ccc(NC(=O)C4(C(=O)Nc5ccc(F)cc5)CC4)cc3)c2cc1OC,COc1cc2nccc(Oc3ccc(NC(=O)C4(C(=O)Nc5ccc(F)cc5)CC4)cc3)c2cc1OC,ONIQOQHATWINJY-UHFFFAOYSA-N,,,False,
TDC_Hepatocyte_AZ,in_vitro_CLint,human,hepatocyte,µL/min/10^6 cells,54.95,1.7399676967595095,CC/C(=C(/c1ccc(O)cc1)c1ccc(/C=C/C(=O)O)cc1)c1ccccc1,CC/C(=C(/c1ccc(O)cc1)c1ccc(/C=C/C(=O)O)cc1)c1ccccc1,SCVIEONTACSLJA-VZBZSUMNSA-N,,,False,
TDC_Hepatocyte_AZ,in_vitro_CLint,human,hepatocyte,µL/min/10^6 cells,8.0,0.9030899869919435,O=C(NCCc1ccccc1Cl)c1cc(-n2ncc(=O)[nH]c2=O)ccc1Cl,O=C(NCCc1ccccc1Cl)c1cc(-n2ncc(=O)[nH]c2=O)ccc1Cl,KTRDEDJKFRJUOH-UHFFFAOYSA-N,,,False,
TDC_Hepatocyte_AZ,in_vitro_CLint,human,hepatocyte,µL/min/10^6 cells,6.17,0.7902851640332417,C=C[C@H]1CN2CC[C@H]1C[C@@H]2[C@@H](O)c1ccnc2ccc(OC)cc12,C=C[C@H]1CN2CC[C@H]1C[C@@H]2[C@@H](O)c1ccnc2ccc(OC)cc12,LOUPRKONTZGTKE-LHHVKLHASA-N,,,False,
TDC_Hepatocyte_AZ,in_vitro_CLint,human,hepatocyte,µL/min/10^6 cells,6.46,0.8102325179950841,O=C(O)CCc1nc(-c2ccccc2)c(-c2ccccc2)o1,O=C(O)CCc1nc(-c2ccccc2)c(-c2ccccc2)o1,OFPXSFXSNFPTHF-UHFFFAOYSA-N,,,False,
TDC_Hepatocyte_AZ,in_vitro_CLint,human,hepatocyte,µL/min/10^6 cells,3.0,0.47712125471966244,O=c1c2c3n(c(=O)cc2[nH]n1-c1ccccc1Cl)CCCN(Cc1ccccc1)C3,O=c1c2c3n(c(=O)cc2[nH]n1-c1ccccc1Cl)CCCN(Cc1ccccc1)C3,DISVMXDWAMMVLT-UHFFFAOYSA-N,,,False,
TDC_Hepatocyte_AZ,in_vitro_CLint,human,hepatocyte,µL/min/10^6 cells,3.0,0.47712125471966244,Nc1ncnc2c1ncn2[C@@H]1O[C@H](CO)[C@@H](O)[C@H]1O,Nc1ncnc2c1ncn2[C@@H]1O[C@H](CO)[C@@H](O)[C@H]1O,OIRDTQYFTABQOQ-KQYNXXCUSA-N,,,False,
TDC_Hepatocyte_AZ,in_vitro_CLint,human,hepatocyte,µL/min/10^6 cells,3.0,0.47712125471966244,NC(=O)c1cnc(-c2ccc(C3(N)CCC3)cc2)c(-c2ccccc2)c1,NC(=O)c1cnc(-c2ccc(C3(N)CCC3)cc2)c(-c2ccccc2)c1,GIRZDHCBMNHMEH-UHFFFAOYSA-N,,,False,
TDC_Hepatocyte_AZ,in_vitro_CLint,human,hepatocyte,µL/min/10^6 cells,3.0,0.47712125471966244,CS(=O)(=O)N1CCc2c(-c3cnc(N)nc3)nc(N3CCOCC3)nc21,CS(=O)(=O)N1CCc2c(-c3cnc(N)nc3)nc(N3CCOCC3)nc21,JEGHXKRHKHPBJD-UHFFFAOYSA-N,,,False,
TDC_Hepatocyte_AZ,in_vitro_CLint,human,hepatocyte,µL/min/10^6 cells,3.0,0.47712125471966244,O=C(O)C[C@H]1CC[C@H](c2ccc(-c3ccc(Nc4ccc(C(F)(F)F)nc4)cn3)cc2)CC1,O=C(O)C[C@H]1CC[C@H](c2ccc(-c3ccc(Nc4ccc(C(F)(F)F)nc4)cn3)cc2)CC1,GXALXAKNHIROPE-QAQDUYKDSA-N,,,True,
TDC_Hepatocyte_AZ,in_vitro_CLint,human,hepatocyte,µL/min/10^6 cells,3.0,0.47712125471966244,CC(C(=O)O)c1cccc(C(=O)c2ccccc2)c1,CC(C(=O)O)c1cccc(C(=O)c2ccccc2)c1,DKYWVDODHFEZIM-UHFFFAOYSA-N,,,False,
TDC_Hepatocyte_AZ,in_vitro_CLint,human,hepatocyte,µL/min/10^6 cells,3.0,0.47712125471966244,NC(=O)COc1cc(-c2cccc3c(=O)cc(N4CCOCC4)oc23)ccc1NC(=O)CN1CCOCC1,NC(=O)COc1cc(-c2cccc3c(=O)cc(N4CCOCC4)oc23)ccc1NC(=O)CN1CCOCC1,NRYHBUTVWHDFLY-UHFFFAOYSA-N,,,False,
TDC_Hepatocyte_AZ,in_vitro_CLint,human,hepatocyte,µL/min/10^6 cells,45.71,1.6600112212893308,Cc1cccc2c(O)nc(-c3ccc(C(F)(F)F)cc3)nc12,Cc1cccc2c(O)nc(-c3ccc(C(F)(F)F)cc3)nc12,GDPZGQDEZJRADO-UHFFFAOYSA-N,,,True,
TDC_Hepatocyte_AZ,in_vitro_CLint,human,hepatocyte,µL/min/10^6 cells,51.29,1.7100326990657535,CN(c1ccnc(Nc2cc(N3CCOCC3)cc(N3CCOCC3)c2)n1)c1cccc2[nH]ncc12,CN(c1ccnc(Nc2cc(N3CCOCC3)cc(N3CCOCC3)c2)n1)c1cccc2[nH]ncc12,QLFGDTPACJHLRY-UHFFFAOYSA-N,,,False,
TDC_Hepatocyte_AZ,in_vitro_CLint,human,hepatocyte,µL/min/10^6 cells,51.29,1.7100326990657535,COc1ccccc1SC[C@@H](C)CN[C@@H]1COc2ccccc2SC1,COc1ccccc1SC[C@@H](C)CN[C@@H]1COc2ccccc2SC1,HZQHAAFWVRDHMZ-JKSUJKDBSA-N,,,False,
TDC_Hepatocyte_AZ,in_vitro_CLint,human,hepatocyte,µL/min/10^6 cells,5.01,0.6998377258672457,CN1C(=O)CN=C(c2ccccc2F)c2cc([N+](=O)[O-])ccc21,CN1C(=O)CN=C(c2ccccc2F)c2cc([N+](=O)[O-])ccc21,PPTYJKAXVCCBDU-UHFFFAOYSA-N,,,False,
TDC_Hepatocyte_AZ,in_vitro_CLint,human,hepatocyte,µL/min/10^6 cells,5.79,0.7626785637274363,CCN(C(=O)Cc1ccc(S(C)(=O)=O)cc1)C1CCN(CC[C@H](c2ccc(S(C)(=O)=O)cc2)c2cc(F)cc(F)c2)CC1,CCN(C(=O)Cc1ccc(S(C)(=O)=O)cc1)C1CCN(CC[C@H](c2ccc(S(C)(=O)=O)cc2)c2cc(F)cc(F)c2)CC1,SCXSQUUTGCWHFU-WJOKGBTCSA-N,,,False,
TDC_Hepatocyte_AZ,in_vitro_CLint,human,hepatocyte,µL/min/10^6 cells,26.41,1.421768401206924,Cc1ccc(N2CC(COc3ccc(-c4noc(C)n4)cc3)C2)nn1,Cc1ccc(N2CC(COc3ccc(-c4noc(C)n4)cc3)C2)nn1,HCOIQQJHIUTQMB-UHFFFAOYSA-N,,,False,
TDC_Hepatocyte_AZ,in_vitro_CLint,human,hepatocyte,µL/min/10^6 cells,29.0,1.462397997898956,COc1ccccc1CCNCc1cccc(CCNC[C@H](O)c2ccc(O)c3[nH]c(=O)sc23)c1,COc1ccccc1CCNCc1cccc(CCNC[C@H](O)c2ccc(O)c3[nH]c(=O)sc23)c1,PIQKJCGMILEGLT-QHCPKHFHSA-N,,,False,
TDC_Hepatocyte_AZ,in_vitro_CLint,human,hepatocyte,µL/min/10^6 cells,35.48,1.5499836111596887,COc1ccc(N(C(=O)Oc2c(C)cccc2C)c2ccnc(Nc3ccc(N4CCN(C)CC4)cc3)n2)c(OC)c1,COc1ccc(N(C(=O)Oc2c(C)cccc2C)c2ccnc(Nc3ccc(N4CCN(C)CC4)cc3)n2)c(OC)c1,NBTNHSGBRGTFJS-UHFFFAOYSA-N,,,False,
TDC_Hepatocyte_AZ,in_vitro_CLint,human,hepatocyte,µL/min/10^6 cells,35.48,1.5499836111596887,N=c1c(S(=O)(=O)c2ccc(Cl)cc2)cc2c(=O)n3ccccc3nc2n1C1CCCC1,N=c1c(S(=O)(=O)c2ccc(Cl)cc2)cc2c(=O)n3ccccc3nc2n1C1CCCC1,IXYQZWSVTZEBOO-UHFFFAOYSA-N,,,False,
TDC_Hepatocyte_AZ,in_vitro_CLint,human,hepatocyte,µL/min/10^6 cells,36.31,1.5600262489128924,c1ccc(Nc2nc3c(s2)CCCc2n[nH]cc2-3)nc1,c1ccc(Nc2nc3c(s2)CCCc2n[nH]cc2-3)nc1,DBISXWCOHGUFSF-UHFFFAOYSA-N,,,False,
TDC_Hepatocyte_AZ,in_vitro_CLint,human,hepatocyte,µL/min/10^6 cells,12.0,1.0791812460476249,CCC(CC)NC(=O)c1cnn(Cc2ccccc2)c1NS(=O)(=O)c1ccc(C)cc1,CCC(CC)NC(=O)c1cnn(Cc2ccccc2)c1NS(=O)(=O)c1ccc(C)cc1,VAHWUGMTTGPDQF-UHFFFAOYSA-N,,,False,
TDC_Hepatocyte_AZ,in_vitro_CLint,human,hepatocyte,µL/min/10^6 cells,8.71,0.9400181550076633,CCc1cccc2cc(C(O)CNC(C)(C)C)oc12,CCc1cccc2cc(C(O)CNC(C)(C)C)oc12,SSEBTPPFLLCUMN-UHFFFAOYSA-N,,,False,
TDC_Hepatocyte_AZ,in_vitro_CLint,human,hepatocyte,µL/min/10^6 cells,9.12,0.9599948383284161,O=C1COC2(CCN(S(=O)(=O)c3ccc(-c4ccc5cccnc5c4)cc3)CC2)CN1C1CC1,O=C1COC2(CCN(S(=O)(=O)c3ccc(-c4ccc5cccnc5c4)cc3)CC2)CN1C1CC1,OGGOWHOQMIINAZ-UHFFFAOYSA-N,,,False,
TDC_Hepatocyte_AZ,in_vitro_CLint,human,hepatocyte,µL/min/10^6 cells,9.33,0.9698816437465,Cc1noc2cc(N3CCN(C(=O)[C@@H]4CCCC[C@H]4C(=O)NC4(C#N)CC4)[C@H](C)C3)ccc12,Cc1noc2cc(N3CCN(C(=O)[C@@H]4CCCC[C@H]4C(=O)NC4(C#N)CC4)[C@H](C)C3)ccc12,MVLVSSYWLGSAFE-MAODMQOUSA-N,,,False,
TDC_Hepatocyte_AZ,in_vitro_CLint,human,hepatocyte,µL/min/10^6 cells,10.96,1.0398105541483504,O=C(O)c1cc2ccccc2[nH]1,O=C(O)c1cc2ccccc2[nH]1,HCUARRIEZVDMPT-UHFFFAOYSA-N,,,False,
TDC_Hepatocyte_AZ,in_vitro_CLint,human,hepatocyte,µL/min/10^6 cells,12.0,1.0791812460476249,Cc1ccc(S(=O)(=O)Nc2c(C(=O)NC3CCCCC3)c(C)nn2-c2ccccc2)cc1,Cc1ccc(S(=O)(=O)Nc2c(C(=O)NC3CCCCC3)c(C)nn2-c2ccccc2)cc1,NDPIIMOHNSUYSI-UHFFFAOYSA-N,,,False,
TDC_Hepatocyte_AZ,in_vitro_CLint,human,hepatocyte,µL/min/10^6 cells,12.02,1.0799044676667207,COc1cc2nc(N3CCN(C(=O)c4ccco4)CC3)nc(N)c2cc1OC,COc1cc2nc(N3CCN(C(=O)c4ccco4)CC3)nc(N)c2cc1OC,IENZQIKPVFGBNW-UHFFFAOYSA-N,,,False,
TDC_Hepatocyte_AZ,in_vitro_CLint,human,hepatocyte,µL/min/10^6 cells,13.0,1.1139433523068367,COc1ccc(CNCc2cccc(CCNC[C@H](O)c3ccc(O)c4[nH]c(=O)sc34)c2)cc1,COc1ccc(CNCc2cccc(CCNC[C@H](O)c3ccc(O)c4[nH]c(=O)sc34)c2)cc1,BSOHYTBASIBPHA-QHCPKHFHSA-N,,,False,
TDC_Hepatocyte_AZ,in_vitro_CLint,human,hepatocyte,µL/min/10^6 cells,18.62,1.2699796766453237,CN(C)c1nc(Cc2ccc(NC(=O)c3ccc(C(F)(F)F)cc3)cc2)nc(N(C)C)c1CC(=O)O,CN(C)c1nc(Cc2ccc(NC(=O)c3ccc(C(F)(F)F)cc3)cc2)nc(N(C)C)c1CC(=O)O,XEOSTBFUCNZKGS-UHFFFAOYSA-N,,,True,
TDC_Hepatocyte_AZ,in_vitro_CLint,human,hepatocyte,µL/min/10^6 cells,21.38,1.330007700872759,C=CC(=O)Nc1ccc(C)cc1,C=CC(=O)Nc1ccc(C)cc1,CNXASKVINSMOTB-UHFFFAOYSA-N,,,False,
TDC_Hepatocyte_AZ,in_vitro_CLint,human,hepatocyte,µL/min/10^6 cells,10.47,1.0199466816788423,O=C1NC(=O)C(=CC=Cc2ccccc2)S1,O=C1NC(=O)C(=CC=Cc2ccccc2)S1,XABHYXPBBJGVRA-UHFFFAOYSA-N,,,False,
TDC_Hepatocyte_AZ,in_vitro_CLint,human,hepatocyte,µL/min/10^6 cells,12.0,1.0791812460476249,C[C@H]1CN(Cc2cc(Cl)ccc2OCC(=O)O)CCN1C(=O)Cc1cccc(Cl)c1,C[C@H]1CN(Cc2cc(Cl)ccc2OCC(=O)O)CCN1C(=O)Cc1cccc(Cl)c1,AKGCSSSQGMHLQE-HNNXBMFYSA-N,,,False,
TDC_Hepatocyte_AZ,in_vitro_CLint,human,hepatocyte,µL/min/10^6 cells,28.0,1.4471580313422192,COc1cccc2c1c(NS(=O)(=O)c1ccc(Cl)s1)nn2Cc1cccc(CNC(=O)[C@H]2COCCN2)c1,COc1cccc2c1c(NS(=O)(=O)c1ccc(Cl)s1)nn2Cc1cccc(CNC(=O)[C@H]2COCCN2)c1,BRKCAVQLAJCUTK-GOSISDBHSA-N,,,False,
TDC_Hepatocyte_AZ,in_vitro_CLint,human,hepatocyte,µL/min/10^6 cells,46.77,1.6699673699085043,O=C(C1CCN(c2nnc(-n3cccc3)s2)CC1)N1CCc2ccccc2C1,O=C(C1CCN(c2nnc(-n3cccc3)s2)CC1)N1CCc2ccccc2C1,SARNMBSCBINKFU-UHFFFAOYSA-N,,,False,
TDC_Hepatocyte_AZ,in_vitro_CLint,human,hepatocyte,µL/min/10^6 cells,50.12,1.7000110623221123,Cc1ccc2c(NC[C@](O)(CC(C)(C)c3cc(F)cc4c3OCC4)C(F)(F)F)cccc2n1,Cc1ccc2c(NC[C@](O)(CC(C)(C)c3cc(F)cc4c3OCC4)C(F)(F)F)cccc2n1,VJGFOYBQOIPQFY-XMMPIXPASA-N,,,True,
TDC_Hepatocyte_AZ,in_vitro_CLint,human,hepatocyte,µL/min/10^6 cells,11.75,1.070037866607755,CCC1(CCC(C)C)C(=O)N=C(O)NC1=O,CCC1(CCC(C)C)C(=O)N=C(O)NC1=O,VIROVYVQCGLCII-UHFFFAOYSA-N,,,False,
TDC_Hepatocyte_AZ,in_vitro_CLint,human,hepatocyte,µL/min/10^6 cells,17.38,1.2400497721126476,O=C(C1CCCCC1)N1CC(=O)N2CCc3ccccc3C2C1,O=C(C1CCCCC1)N1CC(=O)N2CCc3ccccc3C2C1,FSVJFNAIGNNGKK-UHFFFAOYSA-N,,,False,
TDC_Hepatocyte_AZ,in_vitro_CLint,human,hepatocyte,µL/min/10^6 cells,18.0,1.255272505103306,Cc1ccc(S(=O)(=O)Nc2c(C(=O)NCC(C)(C)C)c(C)nn2-c2ccccc2)cc1,Cc1ccc(S(=O)(=O)Nc2c(C(=O)NCC(C)(C)C)c(C)nn2-c2ccccc2)cc1,LXYSCROSLDLXCB-UHFFFAOYSA-N,,,False,
TDC_Hepatocyte_AZ,in_vitro_CLint,human,hepatocyte,µL/min/10^6 cells,19.05,1.2798949800116382,COc1ccc(CCN2C(=O)N(NS(C)(=O)=O)C[C@@H]2c2ccc(OC)cc2)cc1,COc1ccc(CCN2C(=O)N(NS(C)(=O)=O)C[C@@H]2c2ccc(OC)cc2)cc1,GFFIHDXPUGXVGG-LJQANCHMSA-N,,,False,
TDC_Hepatocyte_AZ,in_vitro_CLint,human,hepatocyte,µL/min/10^6 cells,9.5,0.9777236052888477,CCN(C(=O)c1cnn(-c2ccccc2)c1NS(=O)(=O)c1ccc(-c2cnco2)cc1)C1CCCCC1,CCN(C(=O)c1cnn(-c2ccccc2)c1NS(=O)(=O)c1ccc(-c2cnco2)cc1)C1CCCCC1,RVIAYIHTJMJVOV-UHFFFAOYSA-N,,,False,
TDC_Hepatocyte_AZ,in_vitro_CLint,human,hepatocyte,µL/min/10^6 cells,9.77,0.989894563718773,COc1cc(-n2cnc3cc(-c4ccc(Cl)cc4)sc3c2=O)ccc1OC[C@H](O)C1CC1,COc1cc(-n2cnc3cc(-c4ccc(Cl)cc4)sc3c2=O)ccc1OC[C@H](O)C1CC1,WKMOSCAIWUUQPD-IBGZPJMESA-N,,,False,
TDC_Hepatocyte_AZ,in_vitro_CLint,human,hepatocyte,µL/min/10^6 cells,10.47,1.0199466816788423,COc1nc(N)nc2c1ncn2[C@@H]1O[C@H](CO)[C@@H](O)[C@H]1O,COc1nc(N)nc2c1ncn2[C@@H]1O[C@H](CO)[C@@H](O)[C@H]1O,IXOXBSCIXZEQEQ-KQYNXXCUSA-N,,,False,
TDC_Hepatocyte_AZ,in_vitro_CLint,human,hepatocyte,µL/min/10^6 cells,10.72,1.0301947853567512,COCc1c(C(C)C)nc(C(C)C)c(/C=C/[C@@H](O)C[C@@H](O)CC(=O)O)c1-c1ccc(F)cc1,COCc1c(C(C)C)nc(C(C)C)c(/C=C/[C@@H](O)C[C@@H](O)CC(=O)O)c1-c1ccc(F)cc1,SEERZIQQUAZTOL-ANMDKAQQSA-N,,,False,
TDC_Hepatocyte_AZ,in_vitro_CLint,human,hepatocyte,µL/min/10^6 cells,10.8,1.0334237554869496,CC(=O)Nc1ccc(O)cc1,CC(=O)Nc1ccc(O)cc1,RZVAJINKPMORJF-UHFFFAOYSA-N,,,False,
TDC_Hepatocyte_AZ,in_vitro_CLint,human,hepatocyte,µL/min/10^6 cells,3.0,0.47712125471966244,NS(=O)(=O)c1cc(C(=O)O)c(NCc2ccco2)cc1Cl,NS(=O)(=O)c1cc(C(=O)O)c(NCc2ccco2)cc1Cl,ZZUFCTLCJUWOSV-UHFFFAOYSA-N,,,False,
TDC_Hepatocyte_AZ,in_vitro_CLint,human,hepatocyte,µL/min/10^6 cells,3.0,0.47712125471966244,N#Cc1ccc(C(c2ccc(C#N)cc2)n2cncn2)cc1,N#Cc1ccc(C(c2ccc(C#N)cc2)n2cncn2)cc1,HPJKCIUCZWXJDR-UHFFFAOYSA-N,,,False,
TDC_Hepatocyte_AZ,in_vitro_CLint,human,hepatocyte,µL/min/10^6 cells,20.89,1.3199384399803087,CC(C)S(=O)(=O)c1ccc(-c2cnc(N)c(C(=O)Nc3ccccc3)n2)cc1,CC(C)S(=O)(=O)c1ccc(-c2cnc(N)c(C(=O)Nc3ccccc3)n2)cc1,SIJVOCXXIKNHDX-UHFFFAOYSA-N,,,False,
TDC_Hepatocyte_AZ,in_vitro_CLint,human,hepatocyte,µL/min/10^6 cells,21.47,1.3318320444362486,Cc1nn(-c2ccccc2)c(NC(=O)NS(=O)(=O)c2ccc(Cl)cc2)c1C#N,Cc1nn(-c2ccccc2)c(NC(=O)NS(=O)(=O)c2ccc(Cl)cc2)c1C#N,CWLFPWRNPQXWLD-UHFFFAOYSA-N,,,False,
TDC_Hepatocyte_AZ,in_vitro_CLint,human,hepatocyte,µL/min/10^6 cells,3.0,0.47712125471966244,N=C(N)NC(=O)c1nc(Cl)c(N)nc1N,N=C(N)NC(=O)c1nc(Cl)c(N)nc1N,XSDQTOBWRPYKKA-UHFFFAOYSA-N,,,False,
TDC_Hepatocyte_AZ,in_vitro_CLint,human,hepatocyte,µL/min/10^6 cells,3.0,0.47712125471966244,Cc1ccc(S(=O)(=O)Nc2c(C(=O)N[C@@H](C)C(C)(C)C)c(C)nn2C2CCN(C)CC2)cc1,Cc1ccc(S(=O)(=O)Nc2c(C(=O)N[C@@H](C)C(C)(C)C)c(C)nn2C2CCN(C)CC2)cc1,GXDQNCBLCCWUMQ-SFHVURJKSA-N,,,False,
TDC_Hepatocyte_AZ,in_vitro_CLint,human,hepatocyte,µL/min/10^6 cells,4.79,0.6803355134145632,COc1ccccc1Oc1c(NS(=O)(=O)c2ccc(C(C)(C)C)cc2)nc(-c2ncccn2)nc1OCCO,COc1ccccc1Oc1c(NS(=O)(=O)c2ccc(C(C)(C)C)cc2)nc(-c2ncccn2)nc1OCCO,GJPICJJJRGTNOD-UHFFFAOYSA-N,,,False,
TDC_Hepatocyte_AZ,in_vitro_CLint,human,hepatocyte,µL/min/10^6 cells,5.13,0.7101173651118162,COc1ccc2nc(C)cc(-n3cc(CN4CCN(C(C)=O)CC4)nn3)c2c1,COc1ccc2nc(C)cc(-n3cc(CN4CCN(C(C)=O)CC4)nn3)c2c1,PPOJMXGNCHVKMT-UHFFFAOYSA-N,,,False,
TDC_Hepatocyte_AZ,in_vitro_CLint,human,hepatocyte,µL/min/10^6 cells,15.49,1.190051417759206,O=C(O)C1CSC(c2ccccc2Cl)N1C(=O)c1ccc(Cl)cc1,O=C(O)C1CSC(c2ccccc2Cl)N1C(=O)c1ccc(Cl)cc1,JKORGSCWKYPVOR-UHFFFAOYSA-N,,,False,
TDC_Hepatocyte_AZ,in_vitro_CLint,human,hepatocyte,µL/min/10^6 cells,15.85,1.2000292665537702,Nc1cc(C(F)(F)F)c(-c2cc(N3CCOCC3)nc(N3CCOCC3)n2)cn1,Nc1cc(C(F)(F)F)c(-c2cc(N3CCOCC3)nc(N3CCOCC3)n2)cn1,CWHUFRVAEUJCEF-UHFFFAOYSA-N,,,True,
TDC_Hepatocyte_AZ,in_vitro_CLint,human,hepatocyte,µL/min/10^6 cells,36.31,1.5600262489128924,Cc1cc(C)nc(Nc2cccc(C(F)(F)F)c2)n1,Cc1cc(C)nc(Nc2cccc(C(F)(F)F)c2)n1,BALPROIUYFMRJY-UHFFFAOYSA-N,,,True,
TDC_Hepatocyte_AZ,in_vitro_CLint,human,hepatocyte,µL/min/10^6 cells,3.0,0.47712125471966244,Nc1ncc(-c2ccc(S(=O)(=O)N3CCCC3)cc2)nc1C(=O)Nc1cccnc1,Nc1ncc(-c2ccc(S(=O)(=O)N3CCCC3)cc2)nc1C(=O)Nc1cccnc1,KEYFECUQJZMQPL-UHFFFAOYSA-N,,,False,
TDC_Hepatocyte_AZ,in_vitro_CLint,human,hepatocyte,µL/min/10^6 cells,13.49,1.1300119496719043,NC1(c2ccc(-c3nc4ccccc4cc3-c3ccccc3)cc2)CCC1,NC1(c2ccc(-c3nc4ccccc4cc3-c3ccccc3)cc2)CCC1,HYGFBWZFNKCVQF-UHFFFAOYSA-N,,,False,
TDC_Hepatocyte_AZ,in_vitro_CLint,human,hepatocyte,µL/min/10^6 cells,26.92,1.4300750555519393,O=C(O)CN1C(=O)C(=O)c2ccccc21,O=C(O)CN1C(=O)C(=O)c2ccccc21,KYAMYNWIAQNFEG-UHFFFAOYSA-N,,,False,
TDC_Hepatocyte_AZ,in_vitro_CLint,human,hepatocyte,µL/min/10^6 cells,3.0,0.47712125471966244,CNC(=O)c1ccc(C)c(-n2c(C)cc(OCc3ccc(F)cc3F)c(Br)c2=O)c1,CNC(=O)c1ccc(C)c(-n2c(C)cc(OCc3ccc(F)cc3F)c(Br)c2=O)c1,KCAJXIDMCNPGHZ-UHFFFAOYSA-N,,,False,
TDC_Hepatocyte_AZ,in_vitro_CLint,human,hepatocyte,µL/min/10^6 cells,3.0,0.47712125471966244,COc1ccnc(CCc2nc3c(C)ccnc3[nH]2)c1,COc1ccnc(CCc2nc3c(C)ccnc3[nH]2)c1,UFFMLXIMOZMLNJ-UHFFFAOYSA-N,,,False,
TDC_Hepatocyte_AZ,in_vitro_CLint,human,hepatocyte,µL/min/10^6 cells,3.0,0.47712125471966244,O=C(O)COc1ccc(Cl)cc1CN1CCN(S(=O)(=O)c2ccc(F)cc2)CC1,O=C(O)COc1ccc(Cl)cc1CN1CCN(S(=O)(=O)c2ccc(F)cc2)CC1,YEPKGHKIZDVJEY-UHFFFAOYSA-N,,,False,
TDC_Hepatocyte_AZ,in_vitro_CLint,human,hepatocyte,µL/min/10^6 cells,42.0,1.6232492903979006,C[C@H](CO)Nc1nc(SCc2cccc(F)c2F)nc2[nH]c(=O)cnc12,C[C@H](CO)Nc1nc(SCc2cccc(F)c2F)nc2[nH]c(=O)cnc12,LTHIETOWBQBYAF-MRVPVSSYSA-N,,,False,
TDC_Hepatocyte_AZ,in_vitro_CLint,human,hepatocyte,µL/min/10^6 cells,34.67,1.5399538416563967,CC(C)(C)c1ccc(C(O)CCCN2CCC(C(O)(c3ccccc3)c3ccccc3)CC2)cc1,CC(C)(C)c1ccc(C(O)CCCN2CCC(C(O)(c3ccccc3)c3ccccc3)CC2)cc1,GUGOEEXESWIERI-UHFFFAOYSA-N,,,False,
TDC_Hepatocyte_AZ,in_vitro_CLint,human,hepatocyte,µL/min/10^6 cells,144.0,2.1583624920952498,CNCCC=C1c2ccccc2CCc2ccccc21,CNCCC=C1c2ccccc2CCc2ccccc21,PHVGLTMQBUFIQQ-UHFFFAOYSA-N,,,False,
TDC_Hepatocyte_AZ,in_vitro_CLint,human,hepatocyte,µL/min/10^6 cells,79.99,1.9030356967884972,O=C(O[C@H]1C[N+]2(CCCOc3ccccc3)CCC1CC2)C(O)(c1cccs1)c1cccs1,O=C(O[C@H]1C[N+]2(CCCOc3ccccc3)CCC1CC2)C(O)(c1cccs1)c1cccs1,ASMXXROZKSBQIH-VITNCHFBSA-N,,,False,
TDC_Hepatocyte_AZ,in_vitro_CLint,human,hepatocyte,µL/min/10^6 cells,6.31,0.8000293592441343,CC(=O)Nc1ccc(O)cc1,CC(=O)Nc1ccc(O)cc1,RZVAJINKPMORJF-UHFFFAOYSA-N,,,False,
TDC_Hepatocyte_AZ,in_vitro_CLint,human,hepatocyte,µL/min/10^6 cells,111.0,2.0453229787866576,c1ccc(Nc2[nH]nnc2-c2ccccc2)cc1,c1ccc(Nc2[nH]nnc2-c2ccccc2)cc1,ACLZPKMBZBHXJZ-UHFFFAOYSA-N,,,False,
TDC_Hepatocyte_AZ,in_vitro_CLint,human,hepatocyte,µL/min/10^6 cells,25.7,1.4099331233312946,Cc1cccc([C@H](C)c2c[nH]c(=S)[nH]2)c1C,Cc1cccc([C@H](C)c2c[nH]c(=S)[nH]2)c1C,WQXVKEDUCPMRRI-JTQLQIEISA-N,,,False,
TDC_Hepatocyte_AZ,in_vitro_CLint,human,hepatocyte,µL/min/10^6 cells,14.79,1.1699681739968923,Cc1ccc(-c2cc(C(F)(F)F)nn2-c2ccc([S+](C)[O-])cc2)cc1,Cc1ccc(-c2cc(C(F)(F)F)nn2-c2ccc([S+](C)[O-])cc2)cc1,BIIFONWAUMRJCE-UHFFFAOYSA-N,,,True,
TDC_Hepatocyte_AZ,in_vitro_CLint,human,hepatocyte,µL/min/10^6 cells,14.13,1.1501421618485586,COc1nc2ccc(Br)cc2cc1[C@@H](c1ccccc1)[C@@](O)(CCN(C)C)c1cccc2ccccc12,COc1nc2ccc(Br)cc2cc1[C@@H](c1ccccc1)[C@@](O)(CCN(C)C)c1cccc2ccccc12,QUIJNHUBAXPXFS-XLJNKUFUSA-N,,,False,
TDC_Hepatocyte_AZ,in_vitro_CLint,human,hepatocyte,µL/min/10^6 cells,70.0,1.845098040014257,Cc1ccc(C(NC(=O)c2ccccc2O)C(=O)Nc2c(C)cccc2C)s1,Cc1ccc(C(NC(=O)c2ccccc2O)C(=O)Nc2c(C)cccc2C)s1,AHTURLVFIJHCLS-UHFFFAOYSA-N,,,False,
TDC_Hepatocyte_AZ,in_vitro_CLint,human,hepatocyte,µL/min/10^6 cells,17.38,1.2400497721126476,C[C@]12CC(=O)[C@H]3[C@@H](CCC4=CC(=O)CC[C@@]43C)[C@@H]1CC[C@]2(O)C(=O)CO,C[C@]12CCC(=O)C=C1CC[C@@H]1[C@@H]2C(=O)C[C@@]2(C)[C@H]1CC[C@]2(O)C(=O)CO,MFYSYFVPBJMHGN-ZPOLXVRWSA-N,,,False,
TDC_Hepatocyte_AZ,in_vitro_CLint,human,hepatocyte,µL/min/10^6 cells,117.49,2.070000903802345,Nc1ccc2c(-c3ccncc3)c(-c3ccc(F)cc3)[nH]c2n1,Nc1ccc2c(-c3ccncc3)c(-c3ccc(F)cc3)[nH]c2n1,CDJIPRNIKJOICB-UHFFFAOYSA-N,,,False,
TDC_Hepatocyte_AZ,in_vitro_CLint,human,hepatocyte,µL/min/10^6 cells,20.0,1.3010299956639813,Cc1ccc(NC(=O)c2cccc(N3CCOCC3)c2)cc1NC(=O)c1ccc(OCc2cscn2)cc1,Cc1ccc(NC(=O)c2cccc(N3CCOCC3)c2)cc1NC(=O)c1ccc(OCc2cscn2)cc1,JBPMUXHYANUBMJ-UHFFFAOYSA-N,,,False,
TDC_Hepatocyte_AZ,in_vitro_CLint,human,hepatocyte,µL/min/10^6 cells,7.41,0.8698182079793282,C#Cc1cccc(Nc2ncnc3cc(OCCOC)c(OCCOC)cc23)c1,C#Cc1cccc(Nc2ncnc3cc(OCCOC)c(OCCOC)cc23)c1,AAKJLRGGTJKAMG-UHFFFAOYSA-N,,,False,
TDC_Hepatocyte_AZ,in_vitro_CLint,human,hepatocyte,µL/min/10^6 cells,7.59,0.8802417758954804,CC(C)NCC(O)COc1cccc2[nH]ccc12,CC(C)NCC(O)COc1cccc2[nH]ccc12,JZQKKSLKJUAGIC-UHFFFAOYSA-N,,,False,
TDC_Hepatocyte_AZ,in_vitro_CLint,human,hepatocyte,µL/min/10^6 cells,8.0,0.9030899869919435,CCOc1ccc(CCNCCCSCCNC[C@H](O)c2ccc(O)c3[nH]c(=O)sc23)cc1,CCOc1ccc(CCNCCCSCCNC[C@H](O)c2ccc(O)c3[nH]c(=O)sc23)cc1,LWKNIOKRJFVQBE-NRFANRHFSA-N,,,False,
TDC_Hepatocyte_AZ,in_vitro_CLint,human,hepatocyte,µL/min/10^6 cells,150.0,2.1760912590556813,COc1cc2cc(-c3ccc(O)cc3O)nc(C)c2cc1OC,COc1cc2cc(-c3ccc(O)cc3O)nc(C)c2cc1OC,SIZZKZXYIRZRTK-UHFFFAOYSA-N,,,False,
TDC_Hepatocyte_AZ,in_vitro_CLint,human,hepatocyte,µL/min/10^6 cells,7.24,0.859738566197147,CO[C@H]1CC[C@]2(CC1)Cc1ccc(OCC(C)C)cc1C21N=C(C)C(N)=N1,CO[C@H]1CC[C@]2(CC1)Cc1ccc(OCC(C)C)cc1C21N=C(C)C(N)=N1,BQDUISPSAOQZDJ-JOECNLHFSA-N,,,False,
TDC_Hepatocyte_AZ,in_vitro_CLint,human,hepatocyte,µL/min/10^6 cells,10.72,1.0301947853567512,Cc1ccc(-c2cc(C(F)(F)F)nn2-c2ccc(C(=O)O)cc2)cc1,Cc1ccc(-c2cc(C(F)(F)F)nn2-c2ccc(C(=O)O)cc2)cc1,JVZVBRMVZDKFTG-UHFFFAOYSA-N,,,True,
TDC_Hepatocyte_AZ,in_vitro_CLint,human,hepatocyte,µL/min/10^6 cells,150.0,2.1760912590556813,COC(=O)C1=C(C)NC(C)=C(C(=O)OC(C)C)[C@@H]1c1cccc2nonc12,COC(=O)C1=C(C)NC(C)=C(C(=O)OC(C)C)[C@@H]1c1cccc2nonc12,HMJIYCCIJYRONP-MRXNPFEDSA-N,,,False,
TDC_Hepatocyte_AZ,in_vitro_CLint,human,hepatocyte,µL/min/10^6 cells,5.62,0.7497363155690611,CN(C)CCCN1c2ccccc2CCc2ccccc21,CN(C)CCCN1c2ccccc2CCc2ccccc21,BCGWQEUPMDMJNV-UHFFFAOYSA-N,,,False,
TDC_Hepatocyte_AZ,in_vitro_CLint,human,hepatocyte,µL/min/10^6 cells,150.0,2.1760912590556813,C[C@H]1C[C@H]2[C@@H]3CC[C@](O)(C(=O)CO)[C@@]3(C)C[C@H](O)[C@@H]2[C@@]2(C)C=CC(=O)C=C12,C[C@H]1C[C@@H]2[C@H]([C@@H](O)C[C@@]3(C)[C@H]2CC[C@]3(O)C(=O)CO)[C@@]2(C)C=CC(=O)C=C12,VHRSUDSXCMQTMA-PJHHCJLFSA-N,,,False,
TDC_Hepatocyte_AZ,in_vitro_CLint,human,hepatocyte,µL/min/10^6 cells,150.0,2.1760912590556813,CC(C)CCOc1ccc(N)cc1,CC(C)CCOc1ccc(N)cc1,LXWFHMREWLOKLM-UHFFFAOYSA-N,,,False,
TDC_Hepatocyte_AZ,in_vitro_CLint,human,hepatocyte,µL/min/10^6 cells,3.0,0.47712125471966244,Cc1noc(NS(=O)(=O)c2ccc(N)cc2)c1C,Cc1noc(NS(=O)(=O)c2ccc(N)cc2)c1C,NHUHCSRWZMLRLA-UHFFFAOYSA-N,,,False,
TDC_Hepatocyte_AZ,in_vitro_CLint,human,hepatocyte,µL/min/10^6 cells,3.0,0.47712125471966244,O=C(c1ccccc1)N1CCC2(CCN(Cc3cccc(Cl)c3)CC2)CC1,O=C(c1ccccc1)N1CCC2(CCN(Cc3cccc(Cl)c3)CC2)CC1,RTOVDRRASKFSTF-UHFFFAOYSA-N,,,False,
TDC_Hepatocyte_AZ,in_vitro_CLint,human,hepatocyte,µL/min/10^6 cells,3.0,0.47712125471966244,O=C(NCC1(O)CCCCCC1)c1cc(-n2ncc(=O)[nH]c2=O)ccc1Cl,O=C(NCC1(O)CCCCCC1)c1cc(-n2ncc(=O)[nH]c2=O)ccc1Cl,GUHUHCDILUWHDD-UHFFFAOYSA-N,,,False,
TDC_Hepatocyte_AZ,in_vitro_CLint,human,hepatocyte,µL/min/10^6 cells,3.0,0.47712125471966244,O=C(Cc1ccc(F)c(C(F)(F)F)c1)Nc1cccc2c(=O)n([C@@H]3CNC[C@H]3O)ccc12,O=C(Cc1ccc(F)c(C(F)(F)F)c1)Nc1cccc2c(=O)n([C@@H]3CNC[C@H]3O)ccc12,XGXFLZNXZMMWLK-RTBURBONSA-N,,,True,
TDC_Hepatocyte_AZ,in_vitro_CLint,human,hepatocyte,µL/min/10^6 cells,18.2,1.2600713879850747,CCN(Cc1cc(C(F)(F)F)ccc1-c1cc(CC(=O)O)ccc1OC)C(=O)NCc1ccccc1,CCN(Cc1cc(C(F)(F)F)ccc1-c1cc(CC(=O)O)ccc1OC)C(=O)NCc1ccccc1,OPXIRFWNLBDKQB-UHFFFAOYSA-N,,,True,
TDC_Hepatocyte_AZ,in_vitro_CLint,human,hepatocyte,µL/min/10^6 cells,150.0,2.1760912590556813,Clc1cccc(-n2nnnc2NCc2ccccc2Oc2ccccn2)c1Cl,Clc1cccc(-n2nnnc2NCc2ccccc2Oc2ccccn2)c1Cl,GMVNBKZQJFRFAR-UHFFFAOYSA-N,,,False,
TDC_Hepatocyte_AZ,in_vitro_CLint,human,hepatocyte,µL/min/10^6 cells,150.0,2.1760912590556813,NC1(c2ccc(-c3ncc4cnccc4c3-c3ccccc3)cc2)CCC1,NC1(c2ccc(-c3ncc4cnccc4c3-c3ccccc3)cc2)CCC1,RGRNCTMXYHOPHP-UHFFFAOYSA-N,,,False,
TDC_Hepatocyte_AZ,in_vitro_CLint,human,hepatocyte,µL/min/10^6 cells,16.22,1.2100508498751372,NC1(c2ccc(-c3ncc4nccn4c3-c3ccccc3)cc2)CCC1,NC1(c2ccc(-c3ncc4nccn4c3-c3ccccc3)cc2)CCC1,YNWTXEUYEFVUCD-UHFFFAOYSA-N,,,False,
TDC_Hepatocyte_AZ,in_vitro_CLint,human,hepatocyte,µL/min/10^6 cells,91.2,1.9599948383284163,CN(C)C(=O)C(CCN1CCC(O)(c2ccc(Cl)cc2)CC1)(c1ccccc1)c1ccccc1,CN(C)C(=O)C(CCN1CCC(O)(c2ccc(Cl)cc2)CC1)(c1ccccc1)c1ccccc1,RDOIQAHITMMDAJ-UHFFFAOYSA-N,,,False,
TDC_Hepatocyte_AZ,in_vitro_CLint,human,hepatocyte,µL/min/10^6 cells,18.84,1.2750808984568585,Cc1ccc(S(=O)(=O)Nc2c(C(=O)N[C@@H](C)C(C)(C)C)c(C(F)(F)F)nn2-c2ccccc2)cc1,Cc1ccc(S(=O)(=O)Nc2c(C(=O)N[C@@H](C)C(C)(C)C)c(C(F)(F)F)nn2-c2ccccc2)cc1,XILJXRVCHJZZBR-INIZCTEOSA-N,,,True,
TDC_Hepatocyte_AZ,in_vitro_CLint,human,hepatocyte,µL/min/10^6 cells,20.0,1.3010299956639813,C[C@H]1CN(Cc2cc(Cl)ccc2OCC(=O)O)C[C@@H](C)N1C(=O)Cc1ccccc1,C[C@@H]1CN(Cc2cc(Cl)ccc2OCC(=O)O)C[C@H](C)N1C(=O)Cc1ccccc1,AFHZNYOZSHABDK-CALCHBBNSA-N,,,False,
TDC_Hepatocyte_AZ,in_vitro_CLint,human,hepatocyte,µL/min/10^6 cells,67.0,1.8260748027008264,C[C@@](C(=O)O[C@H]1C[N+]2(CC(=O)Nc3cccc(F)c3)CCC1CC2)(c1ccccc1)N1CCCCC1,C[C@@](C(=O)O[C@H]1C[N+]2(CC(=O)Nc3cccc(F)c3)CCC1CC2)(c1ccccc1)N1CCCCC1,FKEWCZKTNYQRTE-ZXZDCFMOSA-O,,,False,
TDC_Hepatocyte_AZ,in_vitro_CLint,human,hepatocyte,µL/min/10^6 cells,150.0,2.1760912590556813,Oc1nc2c(O)ccc(CCNCCOCCCOCCc3ccccc3)c2s1,Oc1nc2c(O)ccc(CCNCCOCCCOCCc3ccccc3)c2s1,UZKGLZYJRXILSF-UHFFFAOYSA-N,,,False,
TDC_Hepatocyte_AZ,in_vitro_CLint,human,hepatocyte,µL/min/10^6 cells,150.0,2.1760912590556813,O=C(c1ccc(O)cc1O)N1CCCC1,O=C(c1ccc(O)cc1O)N1CCCC1,KUHJOWLIBXECSV-UHFFFAOYSA-N,,,False,
TDC_Hepatocyte_AZ,in_vitro_CLint,human,hepatocyte,µL/min/10^6 cells,150.0,2.1760912590556813,c1ccc(Oc2nccc3ccccc23)cc1,c1ccc(Oc2nccc3ccccc23)cc1,NISCOKWSILJOMN-UHFFFAOYSA-N,,,False,
TDC_Hepatocyte_AZ,in_vitro_CLint,human,hepatocyte,µL/min/10^6 cells,150.0,2.1760912590556813,CCC(=O)O[C@]1(C(=O)SCF)[C@H](C)C[C@H]2[C@@H]3C[C@H](F)C4=CC(=O)C=C[C@]4(C)[C@@]3(F)[C@@H](O)C[C@@]21C,CCC(=O)O[C@]1(C(=O)SCF)[C@H](C)C[C@H]2[C@@H]3C[C@H](F)C4=CC(=O)C=C[C@]4(C)[C@@]3(F)[C@@H](O)C[C@@]21C,WMWTYOKRWGGJOA-CENSZEJFSA-N,,,True,
TDC_Hepatocyte_AZ,in_vitro_CLint,human,hepatocyte,µL/min/10^6 cells,54.95,1.7399676967595095,C[C@H]1CN(Cc2nnc(-c3cc(-c4cccc5[nH]ccc45)cc4[nH]ncc34)o2)C[C@@H](C)O1,C[C@@H]1CN(Cc2nnc(-c3cc(-c4cccc5[nH]ccc45)cc4[nH]ncc34)o2)C[C@H](C)O1,XIVPHQUBCBYMGT-GASCZTMLSA-N,,,False,
TDC_Hepatocyte_AZ,in_vitro_CLint,human,hepatocyte,µL/min/10^6 cells,57.0,1.7558748556724915,Cc1cc(-c2ccc(Cl)c(C(=O)NCC3(O)CCCCCC3)c2)n[nH]1,Cc1cc(-c2ccc(Cl)c(C(=O)NCC3(O)CCCCCC3)c2)n[nH]1,INFAZCALLSRXIC-UHFFFAOYSA-N,,,False,
TDC_Hepatocyte_AZ,in_vitro_CLint,human,hepatocyte,µL/min/10^6 cells,61.66,1.7900035203904894,Cc1nn(C)c(C)c1-c1cccc2c(CCCOc3cccc4ccccc34)c(C(=O)O)[nH]c12,Cc1nn(C)c(C)c1-c1cccc2c(CCCOc3cccc4ccccc34)c(C(=O)O)[nH]c12,YQKMXWUAKZDDLP-UHFFFAOYSA-N,,,False,
TDC_Hepatocyte_AZ,in_vitro_CLint,human,hepatocyte,µL/min/10^6 cells,8.0,0.9030899869919435,Cc1ccc(S(=O)(=O)Nc2c(C(=O)N[C@H](C)C(C)(C)C)c(C)nn2-c2ccccc2)cc1,Cc1ccc(S(=O)(=O)Nc2c(C(=O)N[C@H](C)C(C)(C)C)c(C)nn2-c2ccccc2)cc1,MYHHDENZOVCZAX-GOSISDBHSA-N,,,False,
TDC_Hepatocyte_AZ,in_vitro_CLint,human,hepatocyte,µL/min/10^6 cells,5.88,0.7693773260761385,CC(C)(CO)Nc1nc(SCc2cccc(F)c2F)nc2nc(N)sc12,CC(C)(CO)Nc1nc(SCc2cccc(F)c2F)nc2nc(N)sc12,UTDWJMBRBOKFJV-UHFFFAOYSA-N,,,False,
TDC_Hepatocyte_AZ,in_vitro_CLint,human,hepatocyte,µL/min/10^6 cells,7.59,0.8802417758954804,C[C@H](CO)Nc1nc(SCc2cccc(F)c2F)nc2nc(N)sc12,C[C@H](CO)Nc1nc(SCc2cccc(F)c2F)nc2nc(N)sc12,BDGUZDOTNGSANE-SSDOTTSWSA-N,,,False,
TDC_Hepatocyte_AZ,in_vitro_CLint,human,hepatocyte,µL/min/10^6 cells,4.47,0.6503075231319364,Cc1cc(=O)n(-c2ccccc2)n1C,Cc1cc(=O)n(-c2ccccc2)n1C,VEQOALNAAJBPNY-UHFFFAOYSA-N,,,False,
TDC_Hepatocyte_AZ,in_vitro_CLint,human,hepatocyte,µL/min/10^6 cells,72.44,1.8599784416420209,COc1ccc2ncc(C#N)c(CCN3CCC(NCc4cc5c(cn4)OCS5)CC3)c2c1,COc1ccc2ncc(C#N)c(CCN3CCC(NCc4cc5c(cn4)OCS5)CC3)c2c1,NKXJSCXEAVZSMF-UHFFFAOYSA-N,,,False,
TDC_Hepatocyte_AZ,in_vitro_CLint,human,hepatocyte,µL/min/10^6 cells,9.12,0.9599948383284161,Cc1cn([C@H]2CCCN([C@H](CC(C)C)c3ccc(C(=O)O)c(Oc4cccc(Cl)c4)c3)C2)c(=O)[nH]c1=O,Cc1cn([C@H]2CCCN([C@H](CC(C)C)c3ccc(C(=O)O)c(Oc4cccc(Cl)c4)c3)C2)c(=O)[nH]c1=O,DUMBOKZAFBZKLT-XUZZJYLKSA-N,,,False,
TDC_Hepatocyte_AZ,in_vitro_CLint,human,hepatocyte,µL/min/10^6 cells,150.0,2.1760912590556813,CC(=O)c1cn(Cc2ccccc2)c(=O)n(Cc2ccc(F)cc2)c1=O,CC(=O)c1cn(Cc2ccccc2)c(=O)n(Cc2ccc(F)cc2)c1=O,ZEZQMOYXCIVDNR-UHFFFAOYSA-N,,,False,
TDC_Hepatocyte_AZ,in_vitro_CLint,human,hepatocyte,µL/min/10^6 cells,150.0,2.1760912590556813,CNc1nc(C)c(-c2nc(Nc3cccc(N4CCCCC4)c3)ncc2C#N)s1,CNc1nc(C)c(-c2nc(Nc3cccc(N4CCCCC4)c3)ncc2C#N)s1,BCKLVLDQAAHMQR-UHFFFAOYSA-N,,,False,
TDC_Hepatocyte_AZ,in_vitro_CLint,human,hepatocyte,µL/min/10^6 cells,150.0,2.1760912590556813,CN(C)CCCOc1nn(Cc2ccccc2)c2ccccc12,CN(C)CCCOc1nn(Cc2ccccc2)c2ccccc12,CNBGNNVCVSKAQZ-UHFFFAOYSA-N,,,False,
TDC_Hepatocyte_AZ,in_vitro_CLint,human,hepatocyte,µL/min/10^6 cells,8.13,0.9100905455940682,N#Cc1cccc(-c2cccc(C(=O)O)c2)c1,N#Cc1cccc(-c2cccc(C(=O)O)c2)c1,BFOFVXTZGJGLES-UHFFFAOYSA-N,,,False,
TDC_Hepatocyte_AZ,in_vitro_CLint,human,hepatocyte,µL/min/10^6 cells,6.92,0.8401060944567578,CCOc1ccc(-c2ccc(Cn3c(CC(C)(C)C(=O)O)c(SC(C)(C)C)c4cc(OCc5ccc(C)cn5)ccc43)cc2)cn1,CCOc1ccc(-c2ccc(Cn3c(CC(C)(C)C(=O)O)c(SC(C)(C)C)c4cc(OCc5ccc(C)cn5)ccc43)cc2)cn1,DFQGDHBGRSTTHX-UHFFFAOYSA-N,,,False,
TDC_Hepatocyte_AZ,in_vitro_CLint,human,hepatocyte,µL/min/10^6 cells,10.0,1.0,Cc1c(Cc2ccc3ccccc3n2)c2cc(F)ccc2n1CC(=O)O,Cc1c(Cc2ccc3ccccc3n2)c2cc(F)ccc2n1CC(=O)O,FATGTHLOZSXOBC-UHFFFAOYSA-N,,,False,
TDC_Hepatocyte_AZ,in_vitro_CLint,human,hepatocyte,µL/min/10^6 cells,150.0,2.1760912590556813,CNCCCN1c2ccccc2CCc2ccccc21,CNCCCN1c2ccccc2CCc2ccccc21,HCYAFALTSJYZDH-UHFFFAOYSA-N,,,False,
TDC_Hepatocyte_AZ,in_vitro_CLint,human,hepatocyte,µL/min/10^6 cells,150.0,2.1760912590556813,O=C(Nc1cc(-c2ccncc2)c[nH]c1=O)[C@H](Cc1ccccc1)NC1(c2ccccn2)CC1,O=C(Nc1cc(-c2ccncc2)c[nH]c1=O)[C@H](Cc1ccccc1)NC1(c2ccccn2)CC1,QQQMLGGCBKAPKW-QHCPKHFHSA-N,,,False,
TDC_Hepatocyte_AZ,in_vitro_CLint,human,hepatocyte,µL/min/10^6 cells,150.0,2.1760912590556813,COc1ccccc1C(=O)/C=C/c1ccccc1C(F)(F)F,COc1ccccc1C(=O)/C=C/c1ccccc1C(F)(F)F,BDZOPPCXQXPRKH-ZHACJKMWSA-N,,,True,
TDC_Hepatocyte_AZ,in_vitro_CLint,human,hepatocyte,µL/min/10^6 cells,150.0,2.1760912590556813,COc1ccc(N(C(=O)c2ccco2)C(C(=O)NC2CCCC2)c2ccccc2F)c(OC)c1,COc1ccc(N(C(=O)c2ccco2)C(C(=O)NC2CCCC2)c2ccccc2F)c(OC)c1,QPVXGDQEVHBJSA-UHFFFAOYSA-N,,,False,
TDC_Hepatocyte_AZ,in_vitro_CLint,human,hepatocyte,µL/min/10^6 cells,35.48,1.5499836111596887,Cc1c(-c2ccc(O)cc2)n(Cc2ccc(OCCN3CCCCCC3)cc2)c2ccc(O)cc12,Cc1c(-c2ccc(O)cc2)n(Cc2ccc(OCCN3CCCCCC3)cc2)c2ccc(O)cc12,UCJGJABZCDBEDK-UHFFFAOYSA-N,,,False,
TDC_Hepatocyte_AZ,in_vitro_CLint,human,hepatocyte,µL/min/10^6 cells,3.0,0.47712125471966244,Cc1cc(F)ccc1OC1CCN(CC2CCN([C@@](C)(Cc3ccc(F)cc3)C(=O)O)CC2)CC1,Cc1cc(F)ccc1OC1CCN(CC2CCN([C@@](C)(Cc3ccc(F)cc3)C(=O)O)CC2)CC1,LLEJNWFSXZIFMW-NDEPHWFRSA-N,,,False,
TDC_Hepatocyte_AZ,in_vitro_CLint,human,hepatocyte,µL/min/10^6 cells,3.0,0.47712125471966244,COc1ccc(N2CCN(C(=O)[C@@H]3CCCC[C@H]3C(=O)NC3(C#N)CC3)[C@H](C)C2)cc1OC,COc1ccc(N2CCN(C(=O)[C@@H]3CCCC[C@H]3C(=O)NC3(C#N)CC3)[C@H](C)C2)cc1OC,ZUHYPWOELKBVCM-MISYRCLQSA-N,,,False,
TDC_Hepatocyte_AZ,in_vitro_CLint,human,hepatocyte,µL/min/10^6 cells,3.4,0.5314789170422551,O=C(CC1CCCCCC1)Nc1cccc2c(=O)n([C@H]3CCNC3)ccc12,O=C(CC1CCCCCC1)Nc1cccc2c(=O)n([C@H]3CCNC3)ccc12,JUSKFLHUVAWKQW-KRWDZBQOSA-N,,,False,
TDC_Hepatocyte_AZ,in_vitro_CLint,human,hepatocyte,µL/min/10^6 cells,3.8,0.5797835966168101,Cc1c(F)cc(C(=O)NC2CC2)cc1-c1ccc(C(=O)NCC(C)(C)C)cn1,Cc1c(F)cc(C(=O)NC2CC2)cc1-c1ccc(C(=O)NCC(C)(C)C)cn1,KKYABQBFGDZVNQ-UHFFFAOYSA-N,,,False,
TDC_Hepatocyte_AZ,in_vitro_CLint,human,hepatocyte,µL/min/10^6 cells,3.87,0.5877109650189114,Cc1cc(OC2CCN(CC3CCN([C@@H](Cc4ccc(F)cc4)C(=O)O)CC3)CC2)ccc1Cl,Cc1cc(OC2CCN(CC3CCN([C@@H](Cc4ccc(F)cc4)C(=O)O)CC3)CC2)ccc1Cl,HLXZPGHNFUSVMT-SANMLTNESA-N,,,False,
TDC_Hepatocyte_AZ,in_vitro_CLint,human,hepatocyte,µL/min/10^6 cells,4.0,0.6020599913279624,CC[C@H]1CN(Cc2cc(Cl)ccc2OCC(=O)O)CCN1S(=O)(=O)c1ccccc1,CC[C@H]1CN(Cc2cc(Cl)ccc2OCC(=O)O)CCN1S(=O)(=O)c1ccccc1,RYDKHFBYSXPMIC-SFHVURJKSA-N,,,False,
TDC_Hepatocyte_AZ,in_vitro_CLint,human,hepatocyte,µL/min/10^6 cells,4.37,0.6404814369704218,O=c1c2ccccc2[nH]n1Cc1c[nH]c2ccccc12,O=c1c2ccccc2[nH]n1Cc1c[nH]c2ccccc12,IAJFPXRONWWXNK-UHFFFAOYSA-N,,,False,
TDC_Hepatocyte_AZ,in_vitro_CLint,human,hepatocyte,µL/min/10^6 cells,3.98,0.5998830720736879,Cc1nnc2n1-c1ccc(Cl)cc1C(c1ccccc1)=NC2,Cc1nnc2n1-c1ccc(Cl)cc1C(c1ccccc1)=NC2,VREFGVBLTWBCJP-UHFFFAOYSA-N,,,False,
TDC_Hepatocyte_AZ,in_vitro_CLint,human,hepatocyte,µL/min/10^6 cells,8.7,0.9395192526186185,C[C@H]1CN(Cc2cc(Cl)ccc2CC(=O)O)CCN1S(=O)(=O)Cc1ccccc1,C[C@H]1CN(Cc2cc(Cl)ccc2CC(=O)O)CCN1S(=O)(=O)Cc1ccccc1,USELGMAYVJTSGV-INIZCTEOSA-N,,,False,
TDC_Hepatocyte_AZ,in_vitro_CLint,human,hepatocyte,µL/min/10^6 cells,25.12,1.4000196350651586,O=C(Nc1ccncc1)c1cccc2ccccc12,O=C(Nc1ccncc1)c1cccc2ccccc12,OKOUVXZHGBZILV-UHFFFAOYSA-N,,,False,
TDC_Hepatocyte_AZ,in_vitro_CLint,human,hepatocyte,µL/min/10^6 cells,26.0,1.414973347970818,CCO/N=C/c1ccc(OCCC2CCN(c3ccc(C)nn3)CC2)cc1,CCO/N=C/c1ccc(OCCC2CCN(c3ccc(C)nn3)CC2)cc1,LNKHWGSSSPTTHB-CJLVFECKSA-N,,,False,
TDC_Hepatocyte_AZ,in_vitro_CLint,human,hepatocyte,µL/min/10^6 cells,27.54,1.4399639359209049,Cn1sc(=O)c2cc(S(N)(=O)=O)ccc21,Cn1sc(=O)c2cc(S(N)(=O)=O)ccc21,DFPYCCVFXMWMJM-UHFFFAOYSA-N,,,False,
TDC_Hepatocyte_AZ,in_vitro_CLint,human,hepatocyte,µL/min/10^6 cells,30.0,1.4771212547196624,O=C(c1ccc(OCCN2CCCCC2)cc1)c1c(-c2ccc(O)cc2)sc2cc(O)ccc12,O=C(c1ccc(OCCN2CCCCC2)cc1)c1c(-c2ccc(O)cc2)sc2cc(O)ccc12,GZUITABIAKMVPG-UHFFFAOYSA-N,,,False,
TDC_Hepatocyte_AZ,in_vitro_CLint,human,hepatocyte,µL/min/10^6 cells,31.62,1.4999618655961902,COc1cc(-c2ccc(Nc3ccccc3C(=O)O)c(OC)c2)ccc1Nc1ccccc1C(=O)O,COc1cc(-c2ccc(Nc3ccccc3C(=O)O)c(OC)c2)ccc1Nc1ccccc1C(=O)O,IQZIRNIZQHVBMB-UHFFFAOYSA-N,,,False,
TDC_Hepatocyte_AZ,in_vitro_CLint,human,hepatocyte,µL/min/10^6 cells,35.48,1.5499836111596887,CS(=O)(=O)c1ccc([C@H](CC2CCCC2)C(=O)Nc2nccs2)cc1,CS(=O)(=O)c1ccc([C@H](CC2CCCC2)C(=O)Nc2nccs2)cc1,NEQSWPCDHDQINX-INIZCTEOSA-N,,,False,
TDC_Hepatocyte_AZ,in_vitro_CLint,human,hepatocyte,µL/min/10^6 cells,33.0,1.5185139398778875,COc1ccccc1CN(C)Cc1cccc(CCNC[C@H](O)c2ccc(O)c3[nH]c(=O)sc23)c1,COc1ccccc1CN(C)Cc1cccc(CCNC[C@H](O)c2ccc(O)c3[nH]c(=O)sc23)c1,PNTAECGMYJNBSW-QHCPKHFHSA-N,,,False,
TDC_Hepatocyte_AZ,in_vitro_CLint,human,hepatocyte,µL/min/10^6 cells,33.0,1.5185139398778875,COc1ccc(N(C(=O)c2ccoc2Cl)C(C(=O)NC[C@@H](C)O)c2ccccc2F)c(OC)c1,COc1ccc(N(C(=O)c2ccoc2Cl)C(C(=O)NC[C@@H](C)O)c2ccccc2F)c(OC)c1,UBCLFGRFYAFENF-CKAQCJTGSA-N,,,False,
TDC_Hepatocyte_AZ,in_vitro_CLint,human,hepatocyte,µL/min/10^6 cells,33.88,1.5299434016586693,CC(C)N(CCCNC(=O)Nc1ccc(C(C)(C)C)cc1)C[C@H]1O[C@@H](n2ccc3c(N)ncnc32)[C@H](O)[C@@H]1O,CC(C)N(CCCNC(=O)Nc1ccc(C(C)(C)C)cc1)C[C@H]1O[C@@H](n2ccc3c(N)ncnc32)[C@H](O)[C@@H]1O,WXRGFPHDRFQODR-ICLZECGLSA-N,,,False,
TDC_Hepatocyte_AZ,in_vitro_CLint,human,hepatocyte,µL/min/10^6 cells,12.59,1.1000257301078626,COc1cc2c(Nc3ccc(F)c(Cl)c3)c(C(N)=O)cnc2cc1OCCN(C)CCO,COc1cc2c(Nc3ccc(F)c(Cl)c3)c(C(N)=O)cnc2cc1OCCN(C)CCO,LMFNTPHSFMIWNQ-UHFFFAOYSA-N,,,False,
TDC_Hepatocyte_AZ,in_vitro_CLint,human,hepatocyte,µL/min/10^6 cells,12.59,1.1000257301078626,COc1cc(N2CCN(C(=O)[C@@H](C)O)CC2)ccc1Nc1ncc(Cl)c(-c2cnc3ccccn23)n1,COc1cc(N2CCN(C(=O)[C@@H](C)O)CC2)ccc1Nc1ncc(Cl)c(-c2cnc3ccccn23)n1,RYSJYSNSALLKRM-MRXNPFEDSA-N,,,False,
TDC_Hepatocyte_AZ,in_vitro_CLint,human,hepatocyte,µL/min/10^6 cells,39.0,1.591064607026499,C[C@@](C(=O)O[C@H]1C[N+]2(CC(=O)Nc3ccncn3)CCC1CC2)(c1ccccc1)N1CCCCC1,C[C@@](C(=O)O[C@H]1C[N+]2(CC(=O)Nc3ccncn3)CCC1CC2)(c1ccccc1)N1CCCCC1,BDPZTHDWQYMKRB-JDSZFFLXSA-O,,,False,
TDC_Hepatocyte_AZ,in_vitro_CLint,human,hepatocyte,µL/min/10^6 cells,40.74,1.6100210246641453,CCOC(=O)/C=C/[C@H](C[C@@H]1CCNC1=O)NC(=O)[C@@H](CC(=O)[C@@H](NC(=O)c1cc(C)on1)C(C)C)Cc1ccc(F)cc1,CCOC(=O)/C=C/[C@H](C[C@@H]1CCNC1=O)NC(=O)[C@@H](CC(=O)[C@@H](NC(=O)c1cc(C)on1)C(C)C)Cc1ccc(F)cc1,CAYJBRBGZBCZKO-BHGBQCOSSA-N,,,False,
TDC_Hepatocyte_AZ,in_vitro_CLint,human,hepatocyte,µL/min/10^6 cells,47.0,1.6720978579357175,Cc1nc(C(=O)N2CCOC3(CCN(Cc4ccc(Cl)cc4)CC3)C2)cs1,Cc1nc(C(=O)N2CCOC3(CCN(Cc4ccc(Cl)cc4)CC3)C2)cs1,ALYOAWZYSZLYLO-UHFFFAOYSA-N,,,False,
TDC_Hepatocyte_AZ,in_vitro_CLint,human,hepatocyte,µL/min/10^6 cells,3.0,0.47712125471966244,Cn1c(=O)c2nc[nH]c2n(C)c1=O,Cn1c(=O)c2nc[nH]c2n(C)c1=O,ZFXYFBGIUFBOJW-UHFFFAOYSA-N,,,False,
TDC_Hepatocyte_AZ,in_vitro_CLint,human,hepatocyte,µL/min/10^6 cells,3.0,0.47712125471966244,O=C1CN(/N=C/c2ccc([N+](=O)[O-])o2)C(=O)N1,O=C1CN(/N=C/c2ccc([N+](=O)[O-])o2)C(=O)N1,NXFQHRVNIOXGAQ-YCRREMRBSA-N,,,False,
TDC_Hepatocyte_AZ,in_vitro_CLint,human,hepatocyte,µL/min/10^6 cells,7.76,0.8898617212581884,CN(C)CCCOc1nn(Cc2ccccc2)c2ccccc12,CN(C)CCCOc1nn(Cc2ccccc2)c2ccccc12,CNBGNNVCVSKAQZ-UHFFFAOYSA-N,,,False,
TDC_Hepatocyte_AZ,in_vitro_CLint,human,hepatocyte,µL/min/10^6 cells,9.01,0.9547247909790629,CCCCC1=NC2(CCCC2)C(=O)N1Cc1ccc(-c2ccccc2-c2nn[nH]n2)cc1,CCCCC1=NC2(CCCC2)C(=O)N1Cc1ccc(-c2ccccc2-c2nn[nH]n2)cc1,YOSHYTLCDANDAN-UHFFFAOYSA-N,,,False,
TDC_Hepatocyte_AZ,in_vitro_CLint,human,hepatocyte,µL/min/10^6 cells,16.6,1.2201080880400552,CCCc1nn(C)c2c(=O)[nH]c(-c3cc(S(=O)(=O)N4CCN(C)CC4)ccc3OCC)nc12,CCCc1nn(C)c2c(=O)[nH]c(-c3cc(S(=O)(=O)N4CCN(C)CC4)ccc3OCC)nc12,BNRNXUUZRGQAQC-UHFFFAOYSA-N,,,False,
TDC_Hepatocyte_AZ,in_vitro_CLint,human,hepatocyte,µL/min/10^6 cells,14.78,1.169674434058807,O=c1[nH]c2c(O)ccc([C@@H](O)CNCCCSCCOCCc3cccc4ccccc34)c2s1,O=c1[nH]c2c(O)ccc([C@@H](O)CNCCCSCCOCCc3cccc4ccccc34)c2s1,FAXCNWHLDSZHPC-QHCPKHFHSA-N,,,False,
TDC_Hepatocyte_AZ,in_vitro_CLint,human,hepatocyte,µL/min/10^6 cells,15.49,1.190051417759206,CC#C[C@@H](CC(=O)O)c1ccc(OCc2cccc(-c3ccc(C(F)(F)F)cc3)c2)cc1,CC#C[C@@H](CC(=O)O)c1ccc(OCc2cccc(-c3ccc(C(F)(F)F)cc3)c2)cc1,ZOPNBMMVVZRSGH-NRFANRHFSA-N,,,True,
TDC_Hepatocyte_AZ,in_vitro_CLint,human,hepatocyte,µL/min/10^6 cells,16.22,1.2100508498751372,O=C(Nc1ccccc1F)NC1N=C(c2ccccc2)c2ccccc2NC1=O,O=C(Nc1ccccc1F)NC1N=C(c2ccccc2)c2ccccc2NC1=O,MTPVBMVUENFFLL-UHFFFAOYSA-N,,,False,
TDC_Hepatocyte_AZ,in_vitro_CLint,human,hepatocyte,µL/min/10^6 cells,17.78,1.249931756634195,Cc1c(-c2ccc(O)cc2)n(Cc2ccc(OCCN3CCCCCC3)cc2)c2ccc(O)cc12,Cc1c(-c2ccc(O)cc2)n(Cc2ccc(OCCN3CCCCCC3)cc2)c2ccc(O)cc12,UCJGJABZCDBEDK-UHFFFAOYSA-N,,,False,
TDC_Hepatocyte_AZ,in_vitro_CLint,human,hepatocyte,µL/min/10^6 cells,38.0,1.5797835966168101,CCNC(=O)c1cnc(N2CCN(C3CCN(Cc4ccc(Cl)cc4F)CC3)[C@@H](CC)C2)c(Cl)c1,CCNC(=O)c1cnc(N2CCN(C3CCN(Cc4ccc(Cl)cc4F)CC3)[C@@H](CC)C2)c(Cl)c1,LXEUJQNDOXTGHH-NRFANRHFSA-N,,,False,
TDC_Hepatocyte_AZ,in_vitro_CLint,human,hepatocyte,µL/min/10^6 cells,17.0,1.2304489213782739,C[C@H](CO)Nc1nc(SCc2cccc(Cl)c2F)nc2[nH]c(=O)sc12,C[C@H](CO)Nc1nc(SCc2cccc(Cl)c2F)nc2[nH]c(=O)sc12,KHTUORKUWBDRBX-SSDOTTSWSA-N,,,False,
TDC_Hepatocyte_AZ,in_vitro_CLint,human,hepatocyte,µL/min/10^6 cells,17.38,1.2400497721126476,O=C(Nc1cccc(-c2nnn[nH]2)c1)c1cc(C(F)(F)F)cc2[nH]cnc12,O=C(Nc1cccc(-c2nnn[nH]2)c1)c1cc(C(F)(F)F)cc2[nH]cnc12,MQJFWUUNKXRFOL-UHFFFAOYSA-N,,,True,
TDC_Hepatocyte_AZ,in_vitro_CLint,human,hepatocyte,µL/min/10^6 cells,19.5,1.290034611362518,CC[C@H](Nc1ncnc2[nH]cnc12)c1nc2cccc(F)c2c(=O)n1-c1ccccc1,CC[C@H](Nc1ncnc2[nH]cnc12)c1nc2cccc(F)c2c(=O)n1-c1ccccc1,IFSDAJWBUCMOAH-HNNXBMFYSA-N,,,False,
TDC_Hepatocyte_AZ,in_vitro_CLint,human,hepatocyte,µL/min/10^6 cells,10.47,1.0199466816788423,CN[C@@H](C)C(=O)N[C@H](C(=O)N1CC[C@H]2CCN(CCc3ccccc3)C[C@H]21)C1CCCCC1,CN[C@@H](C)C(=O)N[C@H](C(=O)N1CC[C@H]2CCN(CCc3ccccc3)C[C@H]21)C1CCCCC1,HCSMRSHIIKPNAK-LSAVBLLPSA-N,,,False,
TDC_Hepatocyte_AZ,in_vitro_CLint,human,hepatocyte,µL/min/10^6 cells,10.47,1.0199466816788423,CCCCC1=NC2(CCCC2)C(=O)N1Cc1ccc(-c2ccccc2-c2nn[nH]n2)cc1,CCCCC1=NC2(CCCC2)C(=O)N1Cc1ccc(-c2ccccc2-c2nn[nH]n2)cc1,YOSHYTLCDANDAN-UHFFFAOYSA-N,,,False,
TDC_Hepatocyte_AZ,in_vitro_CLint,human,hepatocyte,µL/min/10^6 cells,10.72,1.0301947853567512,C[C@H]1CN(C(=O)N[C@H](Cc2ccc(F)cc2)C(=O)N2CCC(C(=O)NC(C)(C)C)(C3CCCCC3)CC2)C[C@@H](C)N1,C[C@@H]1CN(C(=O)N[C@H](Cc2ccc(F)cc2)C(=O)N2CCC(C(=O)NC(C)(C)C)(C3CCCCC3)CC2)C[C@H](C)N1,IVOZSKOYXPHCOQ-QSEAXJEQSA-N,,,False,
TDC_Hepatocyte_AZ,in_vitro_CLint,human,hepatocyte,µL/min/10^6 cells,21.38,1.330007700872759,O=C(O)CCc1ccc(OCc2cc(Cl)ccc2-c2ccccc2)cc1,O=C(O)CCc1ccc(OCc2cc(Cl)ccc2-c2ccccc2)cc1,WROWNDRSPMCZLY-UHFFFAOYSA-N,,,False,
TDC_Hepatocyte_AZ,in_vitro_CLint,human,hepatocyte,µL/min/10^6 cells,11.0,1.0413926851582251,CN1CCC(Oc2cccc3ncnc(Nc4ccc(OCc5ccccn5)c(Cl)c4)c23)CC1,CN1CCC(Oc2cccc3ncnc(Nc4ccc(OCc5ccccn5)c(Cl)c4)c23)CC1,MKNGJNHUZSCTJU-UHFFFAOYSA-N,,,False,
TDC_Hepatocyte_AZ,in_vitro_CLint,human,hepatocyte,µL/min/10^6 cells,38.02,1.5800121125294244,C=CC(=O)Nc1ccc(F)cc1,C=CC(=O)Nc1ccc(F)cc1,LVCGCAYBLBKRDP-UHFFFAOYSA-N,,,False,
TDC_Hepatocyte_AZ,in_vitro_CLint,human,hepatocyte,µL/min/10^6 cells,7.76,0.8898617212581884,CC(c1cc2ccccc2s1)N(O)C(N)=O,CC(c1cc2ccccc2s1)N(O)C(N)=O,MWLSOWXNZPKENC-UHFFFAOYSA-N,,,False,
TDC_Hepatocyte_AZ,in_vitro_CLint,human,hepatocyte,µL/min/10^6 cells,117.49,2.070000903802345,CCOC(=O)C1=C(C)NC2=C(C(=O)CC(C)(C)C2)C1c1ccc(-c2ccccc2)cc1,CCOC(=O)C1=C(C)NC2=C(C(=O)CC(C)(C)C2)C1c1ccc(-c2ccccc2)cc1,ULFUJLFTRWWLPO-UHFFFAOYSA-N,,,False,
TDC_Hepatocyte_AZ,in_vitro_CLint,human,hepatocyte,µL/min/10^6 cells,123.03,2.090011024007147,Nc1ccc(-c2ccccc2Cl)cc1,Nc1ccc(-c2ccccc2Cl)cc1,ZTBLPGAACJEYAF-UHFFFAOYSA-N,,,False,
TDC_Hepatocyte_AZ,in_vitro_CLint,human,hepatocyte,µL/min/10^6 cells,128.0,2.1072099696478683,C[C@@](C(=O)OC1CC[N+](C)(C)CC1)(c1ccccc1)C1CCCC1,C[C@@](C(=O)OC1CC[N+](C)(C)CC1)(c1ccccc1)C1CCCC1,DVRRHBYHAIRKEY-OAQYLSRUSA-N,,,False,
TDC_Hepatocyte_AZ,in_vitro_CLint,human,hepatocyte,µL/min/10^6 cells,3.0,0.47712125471966244,C[C@@H](NC(=O)C1CCNCC1)c1ccc(Nc2ncc3cc(-c4ccncc4)ccc3n2)cc1,C[C@@H](NC(=O)C1CCNCC1)c1ccc(Nc2ncc3cc(-c4ccncc4)ccc3n2)cc1,AFEZLCYYYAHZRZ-GOSISDBHSA-N,,,False,
TDC_Hepatocyte_AZ,in_vitro_CLint,human,hepatocyte,µL/min/10^6 cells,9.88,0.9947569445876282,O=C([C@H]1CCCCN1)N1CCN(c2nc(NCc3ccc(Cl)cc3Cl)c3cccnc3n2)CC1,O=C([C@H]1CCCCN1)N1CCN(c2nc(NCc3ccc(Cl)cc3Cl)c3cccnc3n2)CC1,GDQQUDANFRCFMF-HXUWFJFHSA-N,,,False,
TDC_Hepatocyte_AZ,in_vitro_CLint,human,hepatocyte,µL/min/10^6 cells,10.0,1.0,CC[C@H](CO)Nc1nc(SCc2ccccc2)nc2[nH]c(=O)sc12,CC[C@H](CO)Nc1nc(SCc2ccccc2)nc2[nH]c(=O)sc12,VNUFOKWSYSXHCN-LLVKDONJSA-N,,,False,
TDC_Hepatocyte_AZ,in_vitro_CLint,human,hepatocyte,µL/min/10^6 cells,10.0,1.0,O=C(NCc1ccc(OC(F)(F)F)cc1)C1c2ccccc2C(=O)N1CC1CC(F)(F)C1,O=C(NCc1ccc(OC(F)(F)F)cc1)C1c2ccccc2C(=O)N1CC1CC(F)(F)C1,AQAVDXGUHCVGJN-UHFFFAOYSA-N,,,True,
TDC_Hepatocyte_AZ,in_vitro_CLint,human,hepatocyte,µL/min/10^6 cells,150.0,2.1760912590556813,O=C(Nc1nc2ccccc2[nH]1)c1ccccc1,O=C(Nc1nc2ccccc2[nH]1)c1ccccc1,LYLQJTSHZYGWBO-UHFFFAOYSA-N,,,False,
TDC_Hepatocyte_AZ,in_vitro_CLint,human,hepatocyte,µL/min/10^6 cells,150.0,2.1760912590556813,CCOC(=O)/C=C/[C@H](C[C@@H]1CCNC1=O)NC(=O)[C@@H](CC(=O)[C@@H](NC(=O)c1cc(C)on1)C(C)C)Cc1ccc(F)cc1,CCOC(=O)/C=C/[C@H](C[C@@H]1CCNC1=O)NC(=O)[C@@H](CC(=O)[C@@H](NC(=O)c1cc(C)on1)C(C)C)Cc1ccc(F)cc1,CAYJBRBGZBCZKO-BHGBQCOSSA-N,,,False,
TDC_Hepatocyte_AZ,in_vitro_CLint,human,hepatocyte,µL/min/10^6 cells,150.0,2.1760912590556813,Cc1ccc(NC(=O)[C@@H]2CCCN2S(=O)(=O)c2cccc3cccnc23)c(C)c1,Cc1ccc(NC(=O)[C@@H]2CCCN2S(=O)(=O)c2cccc3cccnc23)c(C)c1,DWDDBDJWOXJEMQ-IBGZPJMESA-N,,,False,
TDC_Hepatocyte_AZ,in_vitro_CLint,human,hepatocyte,µL/min/10^6 cells,150.0,2.1760912590556813,CC(=O)c1cc2ccc(O)cc2oc1=O,CC(=O)c1cc2ccc(O)cc2oc1=O,BRQZHMHHZLRXOO-UHFFFAOYSA-N,,,False,
TDC_Hepatocyte_AZ,in_vitro_CLint,human,hepatocyte,µL/min/10^6 cells,150.0,2.1760912590556813,CCc1nc2ccc(C(=O)NCc3ccc4c(c3)OCO4)cn2c1N(C)Cc1cccs1,CCc1nc2ccc(C(=O)NCc3ccc4c(c3)OCO4)cn2c1N(C)Cc1cccs1,GTYVVZQCJTWZAE-UHFFFAOYSA-N,,,False,
TDC_Hepatocyte_AZ,in_vitro_CLint,human,hepatocyte,µL/min/10^6 cells,150.0,2.1760912590556813,COc1ccc(N(C(=O)c2ccccc2)C(C(=O)NC2CCCC2)c2ccccc2F)c(OC)c1,COc1ccc(N(C(=O)c2ccccc2)C(C(=O)NC2CCCC2)c2ccccc2F)c(OC)c1,KUUCRERQLRLCSS-UHFFFAOYSA-N,,,False,
TDC_Hepatocyte_AZ,in_vitro_CLint,human,hepatocyte,µL/min/10^6 cells,87.1,1.9400181550076632,CC(C)Oc1cc(-c2cccc3c(=O)cc(N4CCOCC4)oc23)ccc1NC(=O)CN1CCOCC1,CC(C)Oc1cc(-c2cccc3c(=O)cc(N4CCOCC4)oc23)ccc1NC(=O)CN1CCOCC1,BHXYWMKHQZDQLR-UHFFFAOYSA-N,,,False,
TDC_Hepatocyte_AZ,in_vitro_CLint,human,hepatocyte,µL/min/10^6 cells,3.0,0.47712125471966244,CNC(=O)Nc1nc2ccc(-c3cncc(S(=O)(=O)NC(C)(C)C)c3)cn2n1,CNC(=O)Nc1nc2ccc(-c3cncc(S(=O)(=O)NC(C)(C)C)c3)cn2n1,MMOOFFFQYJLTLQ-UHFFFAOYSA-N,,,False,
TDC_Hepatocyte_AZ,in_vitro_CLint,human,hepatocyte,µL/min/10^6 cells,3.0,0.47712125471966244,O=C(O)Cc1ccccc1N1CCC(CN2CCC(Oc3ccc(Cl)c(Cl)c3)CC2)CC1,O=C(O)Cc1ccccc1N1CCC(CN2CCC(Oc3ccc(Cl)c(Cl)c3)CC2)CC1,CCXXDPNVVABEGJ-UHFFFAOYSA-N,,,False,
TDC_Hepatocyte_AZ,in_vitro_CLint,human,hepatocyte,µL/min/10^6 cells,141.0,2.1492191126553797,CC1(C)[C@@H]2CC[C@@]1(CS(=O)(=O)N1CCN(c3ccc(C(F)(F)F)cn3)CC1)C(=O)C2,CC1(C)[C@@H]2CC[C@@]1(CS(=O)(=O)N1CCN(c3ccc(C(F)(F)F)cn3)CC1)C(=O)C2,BYVPYJYHCMIHMK-AUUYWEPGSA-N,,,True,
TDC_Hepatocyte_AZ,in_vitro_CLint,human,hepatocyte,µL/min/10^6 cells,150.0,2.1760912590556813,COC(=O)C1=C(C)NC(C)=C(C(=O)OC)C1c1ccccc1[N+](=O)[O-],COC(=O)C1=C(C)NC(C)=C(C(=O)OC)C1c1ccccc1[N+](=O)[O-],HYIMSNHJOBLJNT-UHFFFAOYSA-N,,,False,
TDC_Hepatocyte_AZ,in_vitro_CLint,human,hepatocyte,µL/min/10^6 cells,150.0,2.1760912590556813,CN(CCCOCCOCCc1ccccc1)CCc1ccc(O)c2nc(O)sc12,CN(CCCOCCOCCc1ccccc1)CCc1ccc(O)c2nc(O)sc12,AEQYZGAQFDSQIR-UHFFFAOYSA-N,,,False,
TDC_Hepatocyte_AZ,in_vitro_CLint,human,hepatocyte,µL/min/10^6 cells,150.0,2.1760912590556813,O=C(Nc1nc2c(=O)[nH]cnc2s1)c1ccccc1,O=C(Nc1nc2c(=O)[nH]cnc2s1)c1ccccc1,CBEIXCAXMNUYQC-UHFFFAOYSA-N,,,False,
TDC_Hepatocyte_AZ,in_vitro_CLint,human,hepatocyte,µL/min/10^6 cells,150.0,2.1760912590556813,CSCCC(NC(=O)c1sccc1Cl)c1nc2ccccc2[nH]1,CSCCC(NC(=O)c1sccc1Cl)c1nc2ccccc2[nH]1,JOBQEJLXPYTGGO-UHFFFAOYSA-N,,,False,
TDC_Hepatocyte_AZ,in_vitro_CLint,human,hepatocyte,µL/min/10^6 cells,150.0,2.1760912590556813,[O-][S+](c1ccccc1)c1ccc2nnnn2n1,[O-][S+](c1ccccc1)c1ccc2nnnn2n1,JFSXSNSCPNFCDM-UHFFFAOYSA-N,,,False,
TDC_Hepatocyte_AZ,in_vitro_CLint,human,hepatocyte,µL/min/10^6 cells,150.0,2.1760912590556813,COc1ccnc(CSc2nc3ccccc3[nH]2)c1,COc1ccnc(CSc2nc3ccccc3[nH]2)c1,GSONSIPOXDCBQT-UHFFFAOYSA-N,,,False,
TDC_Hepatocyte_AZ,in_vitro_CLint,human,hepatocyte,µL/min/10^6 cells,150.0,2.1760912590556813,O=C(Nc1cc(-c2ccnc(Nc3ccc(F)cc3)c2)ccn1)C1CCOCC1,O=C(Nc1cc(-c2ccnc(Nc3ccc(F)cc3)c2)ccn1)C1CCOCC1,RWOFIHYHMILOTJ-UHFFFAOYSA-N,,,False,
TDC_Hepatocyte_AZ,in_vitro_CLint,human,hepatocyte,µL/min/10^6 cells,150.0,2.1760912590556813,O=C(NCc1cccnc1)c1cc(-c2ccco2)on1,O=C(NCc1cccnc1)c1cc(-c2ccco2)on1,NZMDZPXWHISYGX-UHFFFAOYSA-N,,,False,
TDC_Hepatocyte_AZ,in_vitro_CLint,human,hepatocyte,µL/min/10^6 cells,150.0,2.1760912590556813,COc1ccc(-c2nc(O)c3ccccc3n2)cc1,COc1ccc(-c2nc(O)c3ccccc3n2)cc1,HETSSARHFAGODR-UHFFFAOYSA-N,,,False,
TDC_Hepatocyte_AZ,in_vitro_CLint,human,hepatocyte,µL/min/10^6 cells,3.0,0.47712125471966244,CO[C@H]1/C=C/O[C@@]2(C)Oc3c(C)c(O)c4c(O)c(cc(O)c4c3C2=O)NC(=O)/C(C)=C\C=C\[C@H](C)[C@H](O)[C@@H](C)[C@@H](O)[C@@H](C)[C@H](OC(C)=O)[C@@H]1C,CO[C@H]1/C=C/O[C@@]2(C)Oc3c(C)c(O)c4c(O)c(cc(O)c4c3C2=O)NC(=O)/C(C)=C\C=C\[C@H](C)[C@H](O)[C@@H](C)[C@@H](O)[C@@H](C)[C@H](OC(C)=O)[C@@H]1C,HJYYPODYNSCCOU-ODRIEIDWSA-N,,,False,
TDC_Hepatocyte_AZ,in_vitro_CLint,human,hepatocyte,µL/min/10^6 cells,3.0,0.47712125471966244,C[C@H]1CN(Cc2cc(Cl)ccc2CCC(=O)O)CCN1C(=O)Cc1ccccc1,C[C@H]1CN(Cc2cc(Cl)ccc2CCC(=O)O)CCN1C(=O)Cc1ccccc1,MFELOIQWSKQMLV-KRWDZBQOSA-N,,,False,
TDC_Hepatocyte_AZ,in_vitro_CLint,human,hepatocyte,µL/min/10^6 cells,3.0,0.47712125471966244,Cc1ccc(C[C@@H](C(=O)O)N2CCC(CN3CCC(Oc4ccc(Cl)c(Cl)c4)CC3)CC2)cc1,Cc1ccc(C[C@@H](C(=O)O)N2CCC(CN3CCC(Oc4ccc(Cl)c(Cl)c4)CC3)CC2)cc1,QLGIWKYNMSCERQ-SANMLTNESA-N,,,False,
TDC_Hepatocyte_AZ,in_vitro_CLint,human,hepatocyte,µL/min/10^6 cells,83.18,1.920018916028915,C=CCOc1cc(-c2cccc3c(=O)cc(N4CCOCC4)oc23)ccc1NC(=O)CN1CCOCC1,C=CCOc1cc(-c2cccc3c(=O)cc(N4CCOCC4)oc23)ccc1NC(=O)CN1CCOCC1,NGMBEJKZRRVAGQ-UHFFFAOYSA-N,,,False,
TDC_Hepatocyte_AZ,in_vitro_CLint,human,hepatocyte,µL/min/10^6 cells,8.71,0.9400181550076633,OC(c1ccc(-c2ccc(CN3CCN(Cc4ccncc4)CC3)cc2)c(F)c1)(C(F)(F)F)C(F)(F)F,OC(c1ccc(-c2ccc(CN3CCN(Cc4ccncc4)CC3)cc2)c(F)c1)(C(F)(F)F)C(F)(F)F,KVHKWAZUPPBMLL-UHFFFAOYSA-N,,,True,
TDC_Hepatocyte_AZ,in_vitro_CLint,human,hepatocyte,µL/min/10^6 cells,74.0,1.8692317197309762,CSCCC(NC(=O)c1cnccn1)c1nc2ccccc2[nH]1,CSCCC(NC(=O)c1cnccn1)c1nc2ccccc2[nH]1,VZHKXQQVXCNJAM-UHFFFAOYSA-N,,,False,
TDC_Hepatocyte_AZ,in_vitro_CLint,human,hepatocyte,µL/min/10^6 cells,74.13,1.8699940001217419,Cc1cn([C@H]2CCCN(S(=O)(=O)c3ccc(O)c(Oc4cc(F)cc(Cl)c4)c3)C2)c(=O)[nH]c1=O,Cc1cn([C@H]2CCCN(S(=O)(=O)c3ccc(O)c(Oc4cc(F)cc(Cl)c4)c3)C2)c(=O)[nH]c1=O,QEKSOIKPWDSAHL-INIZCTEOSA-N,,,False,
TDC_Hepatocyte_AZ,in_vitro_CLint,human,hepatocyte,µL/min/10^6 cells,75.93,1.8804133998779167,CC[C@@H](Nc1c(Nc2cccc(C(=O)N(C)C)c2O)c(=O)c1=O)c1ccc(C)o1,CC[C@@H](Nc1c(Nc2cccc(C(=O)N(C)C)c2O)c(=O)c1=O)c1ccc(C)o1,RXIUEIPPLAFSDF-CYBMUJFWSA-N,,,False,
TDC_Hepatocyte_AZ,in_vitro_CLint,human,hepatocyte,µL/min/10^6 cells,3.0,0.47712125471966244,O=C(NCC1CCCCN1)c1cc(OCC(F)(F)F)ccc1OCC(F)(F)F,O=C(NCC1CCCCN1)c1cc(OCC(F)(F)F)ccc1OCC(F)(F)F,DJBNUMBKLMJRSA-UHFFFAOYSA-N,,,True,
TDC_Hepatocyte_AZ,in_vitro_CLint,human,hepatocyte,µL/min/10^6 cells,3.0,0.47712125471966244,CC(C)NCC(O)COc1ccc(CCOCC2CC2)cc1,CC(C)NCC(O)COc1ccc(CCOCC2CC2)cc1,NWIUTZDMDHAVTP-UHFFFAOYSA-N,,,False,
TDC_Hepatocyte_AZ,in_vitro_CLint,human,hepatocyte,µL/min/10^6 cells,3.0,0.47712125471966244,Cc1ccc2c(c1)c(Sc1ccc(S(C)(=O)=O)cc1)c(C)n2CC(=O)O,Cc1ccc2c(c1)c(Sc1ccc(S(C)(=O)=O)cc1)c(C)n2CC(=O)O,KQHIXPPVIKOOLR-UHFFFAOYSA-N,,,False,
TDC_Hepatocyte_AZ,in_vitro_CLint,human,hepatocyte,µL/min/10^6 cells,30.9,1.4899584794248346,C=CC(=O)Nc1ccccc1,C=CC(=O)Nc1ccccc1,BPCNEKWROYSOLT-UHFFFAOYSA-N,,,False,
TDC_Hepatocyte_AZ,in_vitro_CLint,human,hepatocyte,µL/min/10^6 cells,17.78,1.249931756634195,Cc1ccc(-n2c(C)cc(/C=C3\SC(=O)NC3=O)c2C)cc1,Cc1ccc(-n2c(C)cc(/C=C3\SC(=O)NC3=O)c2C)cc1,VVYUJGLIMFJYFM-DHDCSXOGSA-N,,,False,
TDC_Hepatocyte_AZ,in_vitro_CLint,human,hepatocyte,µL/min/10^6 cells,5.01,0.6998377258672457,CCc1cc2c(cc1N1CCC(N3CCOCC3)CC1)C(C)(C)c1[nH]c3cc(C#N)ccc3c1C2=O,CCc1cc2c(cc1N1CCC(N3CCOCC3)CC1)C(C)(C)c1[nH]c3cc(C#N)ccc3c1C2=O,KDGFLJKFZUIJMX-UHFFFAOYSA-N,,,False,
TDC_Hepatocyte_AZ,in_vitro_CLint,human,hepatocyte,µL/min/10^6 cells,7.0,0.8450980400142568,Cc1ccc(S(=O)(=O)Nc2c(C(=O)NC(C)C(C)(C)C)c(C)nn2-c2ccccc2)cc1,Cc1ccc(S(=O)(=O)Nc2c(C(=O)NC(C)C(C)(C)C)c(C)nn2-c2ccccc2)cc1,MYHHDENZOVCZAX-UHFFFAOYSA-N,,,False,
TDC_Hepatocyte_AZ,in_vitro_CLint,human,hepatocyte,µL/min/10^6 cells,38.0,1.5797835966168101,O=C1NC(=O)C(c2cnc3ccccn23)=C1c1cn2c3c(cccc13)CN(C(=O)N1CCOCC1)CC2,O=C1NC(=O)C(c2cnc3ccccn23)=C1c1cn2c3c(cccc13)CN(C(=O)N1CCOCC1)CC2,INJUVNWOFHYUIN-UHFFFAOYSA-N,,,False,
TDC_Hepatocyte_AZ,in_vitro_CLint,human,hepatocyte,µL/min/10^6 cells,38.9,1.5899496013257077,C[C@@H](O)[C@H](NC(=O)c1ccc(C#Cc2ccc(CN3CCOCC3)cc2)cc1)C(=O)NO,C[C@@H](O)[C@H](NC(=O)c1ccc(C#Cc2ccc(CN3CCOCC3)cc2)cc1)C(=O)NO,FQYBTYFKOHPWQT-VGSWGCGISA-N,,,False,
TDC_Hepatocyte_AZ,in_vitro_CLint,human,hepatocyte,µL/min/10^6 cells,33.11,1.5199591807520685,CS(=O)(=O)N1CCN(Cc2cc3nc(-c4cccc5[nH]ncc45)nc(N4CCOCC4)c3s2)CC1,CS(=O)(=O)N1CCN(Cc2cc3nc(-c4cccc5[nH]ncc45)nc(N4CCOCC4)c3s2)CC1,LHNIIDJUOCFXAP-UHFFFAOYSA-N,,,False,
TDC_Hepatocyte_AZ,in_vitro_CLint,human,hepatocyte,µL/min/10^6 cells,4.57,0.6599162000698503,CC(C)(C)NCC(O)COc1nsnc1N1CCOCC1,CC(C)(C)NCC(O)COc1nsnc1N1CCOCC1,BLJRIMJGRPQVNF-UHFFFAOYSA-N,,,False,
TDC_Hepatocyte_AZ,in_vitro_CLint,human,hepatocyte,µL/min/10^6 cells,5.75,0.7596678446896304,CC(C)(C)S(=O)(=O)N[C@H]1CC[C@H](C(=O)Nc2ccc(C(F)(F)F)cn2)CC1,CC(C)(C)S(=O)(=O)N[C@H]1CC[C@H](C(=O)Nc2ccc(C(F)(F)F)cn2)CC1,WGEWUYACXPEFPO-AULYBMBSSA-N,,,True,
TDC_Hepatocyte_AZ,in_vitro_CLint,human,hepatocyte,µL/min/10^6 cells,6.99,0.8444771757456814,Cc1ccc(S(=O)(=O)Nc2c(C(=O)N[C@@H](C)C(C)(C)C)c(C)nn2-c2ccccc2)cc1,Cc1ccc(S(=O)(=O)Nc2c(C(=O)N[C@@H](C)C(C)(C)C)c(C)nn2-c2ccccc2)cc1,MYHHDENZOVCZAX-SFHVURJKSA-N,,,False,
TDC_Hepatocyte_AZ,in_vitro_CLint,human,hepatocyte,µL/min/10^6 cells,5.05,0.7032913781186614,NC(=O)C(c1ccccc1)(c1ccccc1)[C@@H]1CCN(CCc2ccc3c(c2)CCO3)C1,NC(=O)C(c1ccccc1)(c1ccccc1)[C@@H]1CCN(CCc2ccc3c(c2)CCO3)C1,HXGBXQDTNZMWGS-RUZDIDTESA-N,,,False,
TDC_Hepatocyte_AZ,in_vitro_CLint,human,hepatocyte,µL/min/10^6 cells,6.0,0.7781512503836436,Cc1ccc(N2CC(COc3ccc(-c4noc(C)n4)cc3)C2)nn1,Cc1ccc(N2CC(COc3ccc(-c4noc(C)n4)cc3)C2)nn1,HCOIQQJHIUTQMB-UHFFFAOYSA-N,,,False,
TDC_Hepatocyte_AZ,in_vitro_CLint,human,hepatocyte,µL/min/10^6 cells,6.31,0.8000293592441343,COc1c(Nc2ccc(S(C)(=O)=O)nc2C)ncnc1OC1CCN(C(=O)OC(C)C)CC1,COc1c(Nc2ccc(S(C)(=O)=O)nc2C)ncnc1OC1CCN(C(=O)OC(C)C)CC1,WPDCHTSXOPUOII-UHFFFAOYSA-N,,,False,
TDC_Hepatocyte_AZ,in_vitro_CLint,human,hepatocyte,µL/min/10^6 cells,7.08,0.850033257689769,CC(C)(C)NC(=O)NCCN1CCC(CO)(CNC(=O)c2cc(Cl)cc(Cl)c2)CC1,CC(C)(C)NC(=O)NCCN1CCC(CO)(CNC(=O)c2cc(Cl)cc(Cl)c2)CC1,RAZOFRCGTLUGNK-UHFFFAOYSA-N,,,False,
TDC_Hepatocyte_AZ,in_vitro_CLint,human,hepatocyte,µL/min/10^6 cells,15.14,1.180125875164054,C[C@@H](O)[C@H](NC(=O)c1ccc(C#Cc2ccc(CN3CCOCC3)cc2)cc1)C(=O)NO,C[C@@H](O)[C@H](NC(=O)c1ccc(C#Cc2ccc(CN3CCOCC3)cc2)cc1)C(=O)NO,FQYBTYFKOHPWQT-VGSWGCGISA-N,,,False,
TDC_Hepatocyte_AZ,in_vitro_CLint,human,hepatocyte,µL/min/10^6 cells,16.0,1.2041199826559248,COc1cccc2sc(NC(=O)c3ccccc3)nc12,COc1cccc2sc(NC(=O)c3ccccc3)nc12,ZDBCPDBLXXFMOZ-UHFFFAOYSA-N,,,False,
TDC_Hepatocyte_AZ,in_vitro_CLint,human,hepatocyte,µL/min/10^6 cells,26.92,1.4300750555519393,C[C@@H]1CN[C@@H](C2CC2)C(=O)N(C)[C@H](C)C(=O)N[C@H](Cc2ccc(F)cc2)C(=O)NCCCc2ccccc2O1,C[C@@H]1CN[C@@H](C2CC2)C(=O)N(C)[C@H](C)C(=O)N[C@H](Cc2ccc(F)cc2)C(=O)NCCCc2ccccc2O1,WGYPAJVJMXQXTR-ABNZCKJZSA-N,,,False,
TDC_Hepatocyte_AZ,in_vitro_CLint,human,hepatocyte,µL/min/10^6 cells,21.38,1.330007700872759,Cc1nc2ccccn2c1-c1ccnc(N)n1,Cc1nc2ccccn2c1-c1ccnc(N)n1,LZURCICLQQQODJ-UHFFFAOYSA-N,,,False,
TDC_Hepatocyte_AZ,in_vitro_CLint,human,hepatocyte,µL/min/10^6 cells,10.72,1.0301947853567512,Cc1cc(F)ccc1-n1nc(C(F)(F)F)cc1-c1ccc2c(c1)NC(=O)CO2,Cc1cc(F)ccc1-n1nc(C(F)(F)F)cc1-c1ccc2c(c1)NC(=O)CO2,KLPDOSFCNONAFF-UHFFFAOYSA-N,,,True,
TDC_Hepatocyte_AZ,in_vitro_CLint,human,hepatocyte,µL/min/10^6 cells,6.0,0.7781512503836436,CCc1nn(C2CCCC2)c2c1CCn1c(-c3cccs3)nnc1-2,CCc1nn(C2CCCC2)c2c1CCn1c(-c3cccs3)nnc1-2,DHCOPPHTVOXDKU-UHFFFAOYSA-N,,,False,
TDC_Hepatocyte_AZ,in_vitro_CLint,human,hepatocyte,µL/min/10^6 cells,5.0,0.6989700043360189,O=C(O)COc1ccc(Cl)cc1CN1CCCN(S(=O)(=O)c2ccccc2)CC1,O=C(O)COc1ccc(Cl)cc1CN1CCCN(S(=O)(=O)c2ccccc2)CC1,QPKLSOHWYXCVTB-UHFFFAOYSA-N,,,False,
TDC_Hepatocyte_AZ,in_vitro_CLint,human,hepatocyte,µL/min/10^6 cells,14.24,1.1535099893008376,O=C(CCCN1CCC(O)(c2ccc(Cl)cc2)CC1)c1ccc(F)cc1,O=C(CCCN1CCC(O)(c2ccc(Cl)cc2)CC1)c1ccc(F)cc1,LNEPOXFFQSENCJ-UHFFFAOYSA-N,,,False,
TDC_Hepatocyte_AZ,in_vitro_CLint,human,hepatocyte,µL/min/10^6 cells,4.68,0.670245853074124,Cc1ccc(C(=O)Nc2ccc(CN3CCN(C)CC3)c(C(F)(F)F)c2)cc1C#Cc1cnc2cccnn12,Cc1ccc(C(=O)Nc2ccc(CN3CCN(C)CC3)c(C(F)(F)F)c2)cc1C#Cc1cnc2cccnn12,PHXJVRSECIGDHY-UHFFFAOYSA-N,,,True,
TDC_Hepatocyte_AZ,in_vitro_CLint,human,hepatocyte,µL/min/10^6 cells,147.91,2.1699975370665703,CCOC(=O)c1c(-c2ccccc2)nc2cc(C)ccn12,CCOC(=O)c1c(-c2ccccc2)nc2cc(C)ccn12,ZFVHFQJRAAKKTD-UHFFFAOYSA-N,,,False,
TDC_Hepatocyte_AZ,in_vitro_CLint,human,hepatocyte,µL/min/10^6 cells,10.0,1.0,Cc1nn(-c2ccccc2)c(NS(=O)(=O)c2cccc(CN3CCOCC3)c2)c1C(=O)N[C@@H](C)C(C)(C)C,Cc1nn(-c2ccccc2)c(NS(=O)(=O)c2cccc(CN3CCOCC3)c2)c1C(=O)N[C@@H](C)C(C)(C)C,APVDYTYHJFKIEK-NRFANRHFSA-N,,,False,
TDC_Hepatocyte_AZ,in_vitro_CLint,human,hepatocyte,µL/min/10^6 cells,25.12,1.4000196350651586,CC(C)(C)c1cc(NC(=O)NCc2ccccc2Sc2ccc3nnc(-c4ccccc4SCCO)n3c2)n(-c2ccc(O)c(Cl)c2)n1,CC(C)(C)c1cc(NC(=O)NCc2ccccc2Sc2ccc3nnc(-c4ccccc4SCCO)n3c2)n(-c2ccc(O)c(Cl)c2)n1,VGEXRDWWPSGZDH-UHFFFAOYSA-N,,,False,
TDC_Hepatocyte_AZ,in_vitro_CLint,human,hepatocyte,µL/min/10^6 cells,26.92,1.4300750555519393,CC(C)N(CCCNC(=O)Nc1ccc(C(C)(C)C)cc1)C[C@H]1O[C@@H](n2cnc3c(N)ncnc32)[C@H](O)[C@@H]1O,CC(C)N(CCCNC(=O)Nc1ccc(C(C)(C)C)cc1)C[C@H]1O[C@@H](n2cnc3c(N)ncnc32)[C@H](O)[C@@H]1O,MTLMDZJUGDUTCP-PTGPVQHPSA-N,,,False,
TDC_Hepatocyte_AZ,in_vitro_CLint,human,hepatocyte,µL/min/10^6 cells,150.0,2.1760912590556813,O=C1COC2(CCN(S(=O)(=O)c3ccc(-c4ccc5cnccc5c4)cc3)CC2)CN1C1CC1,O=C1COC2(CCN(S(=O)(=O)c3ccc(-c4ccc5cnccc5c4)cc3)CC2)CN1C1CC1,VHEFCIONPXNYGE-UHFFFAOYSA-N,,,False,
TDC_Hepatocyte_AZ,in_vitro_CLint,human,hepatocyte,µL/min/10^6 cells,150.0,2.1760912590556813,O=C(c1cccc(Cl)c1Cl)N1CCN(c2ccccn2)CC1,O=C(c1cccc(Cl)c1Cl)N1CCN(c2ccccn2)CC1,LWJCPHYISVLVAT-UHFFFAOYSA-N,,,False,
TDC_Hepatocyte_AZ,in_vitro_CLint,human,hepatocyte,µL/min/10^6 cells,150.0,2.1760912590556813,CO[C@H]1C[C@@H]2CC[C@@H](C)[C@@](O)(O2)C(=O)C(=O)N2CCCC[C@H]2C(=O)O[C@H]([C@H](C)C[C@@H]2CC[C@@H](OC(=O)C(C)(CO)CO)[C@H](OC)C2)CC(=O)[C@H](C)/C=C(\C)[C@@H](O)[C@@H](OC)C(=O)[C@H](C)C[C@H](C)/C=C/C=C/C=C/1C,CO[C@H]1C[C@@H]2CC[C@@H](C)[C@@](O)(O2)C(=O)C(=O)N2CCCC[C@H]2C(=O)O[C@H]([C@H](C)C[C@@H]2CC[C@@H](OC(=O)C(C)(CO)CO)[C@H](OC)C2)CC(=O)[C@H](C)/C=C(\C)[C@@H](O)[C@@H](OC)C(=O)[C@H](C)C[C@H](C)/C=C/C=C/C=C/1C,CBPNZQVSJQDFBE-FUXHJELOSA-N,,,False,
TDC_Hepatocyte_AZ,in_vitro_CLint,human,hepatocyte,µL/min/10^6 cells,150.0,2.1760912590556813,O=S(=O)(c1cccc2cnccc12)N1CCCNCC1,O=S(=O)(c1cccc2cnccc12)N1CCCNCC1,NGOGFTYYXHNFQH-UHFFFAOYSA-N,,,False,
TDC_Hepatocyte_AZ,in_vitro_CLint,human,hepatocyte,µL/min/10^6 cells,150.0,2.1760912590556813,C[C@]12CC[C@H]3[C@@H](CCC4=CC(=O)CC[C@@]43C)[C@@H]1CC[C@@H]2O,C[C@]12CC[C@H]3[C@@H](CCC4=CC(=O)CC[C@@]43C)[C@@H]1CC[C@@H]2O,MUMGGOZAMZWBJJ-DYKIIFRCSA-N,,,False,
TDC_Hepatocyte_AZ,in_vitro_CLint,human,hepatocyte,µL/min/10^6 cells,16.6,1.2201080880400552,N#Cc1ccc2ccc(=O)n(CCN3CC[C@@H](NCc4ccc5c(n4)NC(=O)CO5)[C@@H](F)C3)c2c1,N#Cc1ccc2ccc(=O)n(CCN3CC[C@@H](NCc4ccc5c(n4)NC(=O)CO5)[C@@H](F)C3)c2c1,XELZYICHKGKZBS-VQTJNVASSA-N,,,False,
TDC_Hepatocyte_AZ,in_vitro_CLint,human,hepatocyte,µL/min/10^6 cells,12.15,1.084576277934331,Cc1ccc(S(=O)(=O)Nc2c(C(=O)N[C@@H](C)C(C)(C)C)c(C)nn2-c2ccccc2)cc1,Cc1ccc(S(=O)(=O)Nc2c(C(=O)N[C@@H](C)C(C)(C)C)c(C)nn2-c2ccccc2)cc1,MYHHDENZOVCZAX-SFHVURJKSA-N,,,False,
TDC_Hepatocyte_AZ,in_vitro_CLint,human,hepatocyte,µL/min/10^6 cells,75.0,1.8750612633917,CCOC(=O)C1=C(C)NC(C)=C(C(=O)OC)C1c1cccc([N+](=O)[O-])c1,CCOC(=O)C1=C(C)NC(C)=C(C(=O)OC)C1c1cccc([N+](=O)[O-])c1,PVHUJELLJLJGLN-UHFFFAOYSA-N,,,False,
TDC_Hepatocyte_AZ,in_vitro_CLint,human,hepatocyte,µL/min/10^6 cells,85.0,1.9294189257142926,OCc1cc(C(O)CNCCCCCCOCCCCc2ccccc2)ccc1O,OCc1cc(C(O)CNCCCCCCOCCCCc2ccccc2)ccc1O,GIIZNNXWQWCKIB-UHFFFAOYSA-N,,,False,
TDC_Hepatocyte_AZ,in_vitro_CLint,human,hepatocyte,µL/min/10^6 cells,91.0,1.9590413923210936,c1ccc(CSc2nc3cccnc3[nH]2)cc1,c1ccc(CSc2nc3cccnc3[nH]2)cc1,XVUSYXIMPHYNBT-UHFFFAOYSA-N,,,False,
TDC_Hepatocyte_AZ,in_vitro_CLint,human,hepatocyte,µL/min/10^6 cells,4.79,0.6803355134145632,CC(C)(O)c1ccc(Nc2nc3ccc(C#N)cc3[nH]2)cc1,CC(C)(O)c1ccc(Nc2nc3ccc(C#N)cc3[nH]2)cc1,GQWZYHWBIWTFGP-UHFFFAOYSA-N,,,False,
TDC_Hepatocyte_AZ,in_vitro_CLint,human,hepatocyte,µL/min/10^6 cells,4.79,0.6803355134145632,CC(C)(C)NS(=O)(=O)c1cncc(-c2ccc3nc(NC(=O)NCC(=O)N4CCCC4)nn3c2)c1,CC(C)(C)NS(=O)(=O)c1cncc(-c2ccc3nc(NC(=O)NCC(=O)N4CCCC4)nn3c2)c1,PVOKBUZWKYUCKF-UHFFFAOYSA-N,,,False,
TDC_Hepatocyte_AZ,in_vitro_CLint,human,hepatocyte,µL/min/10^6 cells,5.37,0.7299742856995556,O=S(=O)(c1ccccc1)N(CC(F)(F)F)c1ccc(C(O)(C(F)(F)F)C(F)(F)F)cc1,O=S(=O)(c1ccccc1)N(CC(F)(F)F)c1ccc(C(O)(C(F)(F)F)C(F)(F)F)cc1,SGIWFELWJPNFDH-UHFFFAOYSA-N,,,True,
TDC_Hepatocyte_AZ,in_vitro_CLint,human,hepatocyte,µL/min/10^6 cells,15.49,1.190051417759206,CCCN1CCCC[C@H]1C(=O)Nc1c(C)cccc1C,CCCN1CCCC[C@H]1C(=O)Nc1c(C)cccc1C,ZKMNUMMKYBVTFN-HNNXBMFYSA-N,,,False,
TDC_Hepatocyte_AZ,in_vitro_CLint,human,hepatocyte,µL/min/10^6 cells,16.22,1.2100508498751372,O=C(Nc1cc(-c2ccnc(Nc3ccccc3)c2)ccn1)C1CCOCC1,O=C(Nc1cc(-c2ccnc(Nc3ccccc3)c2)ccn1)C1CCOCC1,CBHOUOHFUVTLFG-UHFFFAOYSA-N,,,False,
TDC_Hepatocyte_AZ,in_vitro_CLint,human,hepatocyte,µL/min/10^6 cells,11.48,1.0599418880619547,Cc1nnc(C)c2cc(N3CCN(C(=O)[C@@H]4CCCC[C@H]4C(=O)NC4(C#N)CC4)[C@H](C)C3)ccc12,Cc1nnc(C)c2cc(N3CCN(C(=O)[C@@H]4CCCC[C@H]4C(=O)NC4(C#N)CC4)[C@H](C)C3)ccc12,SQBHNGLRWQXEGU-NLSFWIRASA-N,,,False,
TDC_Hepatocyte_AZ,in_vitro_CLint,human,hepatocyte,µL/min/10^6 cells,22.39,1.3500540935790302,COC(=O)C1=C(C)NC(C)=C(C(=O)OC)C1c1ccccc1[N+](=O)[O-],COC(=O)C1=C(C)NC(C)=C(C(=O)OC)C1c1ccccc1[N+](=O)[O-],HYIMSNHJOBLJNT-UHFFFAOYSA-N,,,False,
TDC_Hepatocyte_AZ,in_vitro_CLint,human,hepatocyte,µL/min/10^6 cells,150.0,2.1760912590556813,COc1ccc([C@@H]2Sc3ccccc3N(CCN(C)C)C(=O)[C@@H]2OC(C)=O)cc1,COc1ccc([C@@H]2Sc3ccccc3N(CCN(C)C)C(=O)[C@@H]2OC(C)=O)cc1,HSUGRBWQSSZJOP-RTWAWAEBSA-N,,,False,
TDC_Hepatocyte_AZ,in_vitro_CLint,human,hepatocyte,µL/min/10^6 cells,28.0,1.4471580313422192,C[C@H](CO)Nc1nc(SCc2ccccc2F)nc2[nH]c(=O)sc12,C[C@H](CO)Nc1nc(SCc2ccccc2F)nc2[nH]c(=O)sc12,QBTGEPDYFFOCND-MRVPVSSYSA-N,,,False,
TDC_Hepatocyte_AZ,in_vitro_CLint,human,hepatocyte,µL/min/10^6 cells,28.18,1.4499409887733377,Cc1cc(F)ccc1-n1nc(C(F)(F)F)cc1-c1ccc2c(c1)NC(=O)CO2,Cc1cc(F)ccc1-n1nc(C(F)(F)F)cc1-c1ccc2c(c1)NC(=O)CO2,KLPDOSFCNONAFF-UHFFFAOYSA-N,,,True,
TDC_Hepatocyte_AZ,in_vitro_CLint,human,hepatocyte,µL/min/10^6 cells,29.51,1.4699692094999595,CCOc1noc2cc(OCCC3CCN(c4ccc(C)nn4)CC3)ccc12,CCOc1noc2cc(OCCC3CCN(c4ccc(C)nn4)CC3)ccc12,DKSVBVKHUICELN-UHFFFAOYSA-N,,,False,
TDC_Hepatocyte_AZ,in_vitro_CLint,human,hepatocyte,µL/min/10^6 cells,31.0,1.4913616938342726,Cc1cc(CN2Cc3ccccc3C[C@H]2C(=O)Nc2ccc(Cl)cc2Cl)ccc1OCC(=O)O,Cc1cc(CN2Cc3ccccc3C[C@H]2C(=O)Nc2ccc(Cl)cc2Cl)ccc1OCC(=O)O,IFWLWDBQOZCTFZ-QHCPKHFHSA-N,,,False,
TDC_Hepatocyte_AZ,in_vitro_CLint,human,hepatocyte,µL/min/10^6 cells,32.36,1.5100085129402347,CCN(CC)Cc1cc(Nc2ccnc3cc(Cl)ccc23)ccc1O,CCN(CC)Cc1cc(Nc2ccnc3cc(Cl)ccc23)ccc1O,OVCDSSHSILBFBN-UHFFFAOYSA-N,,,False,
TDC_Hepatocyte_AZ,in_vitro_CLint,human,hepatocyte,µL/min/10^6 cells,36.31,1.5600262489128924,CCC(CC)C[C@H](c1ccc(C(=O)O)c(Oc2cccc(Cl)c2)c1)N1CCC[C@H](n2cc(C)c(=O)[nH]c2=O)C1,CCC(CC)C[C@H](c1ccc(C(=O)O)c(Oc2cccc(Cl)c2)c1)N1CCC[C@H](n2cc(C)c(=O)[nH]c2=O)C1,UYBHFPHFNCWVMH-JYFHCDHNSA-N,,,False,
TDC_Hepatocyte_AZ,in_vitro_CLint,human,hepatocyte,µL/min/10^6 cells,38.0,1.5797835966168101,CC(C(=O)OC1CC[N+](C)(C)CC1)(c1ccccc1)N1CCC(F)(F)CC1,CC(C(=O)OC1CC[N+](C)(C)CC1)(c1ccccc1)N1CCC(F)(F)CC1,VISHRZZLGOYWIV-UHFFFAOYSA-N,,,False,
TDC_Hepatocyte_AZ,in_vitro_CLint,human,hepatocyte,µL/min/10^6 cells,4.9,0.6901960800285137,N#CC1(NC(=O)[C@@H]2CCCC[C@H]2C(=O)N2CCN(c3nc4ccncc4s3)CC2)CC1,N#CC1(NC(=O)[C@@H]2CCCC[C@H]2C(=O)N2CCN(c3nc4ccncc4s3)CC2)CC1,PKKSDDOTWDEHSA-HZPDHXFCSA-N,,,False,
TDC_Hepatocyte_AZ,in_vitro_CLint,human,hepatocyte,µL/min/10^6 cells,5.0,0.6989700043360189,CC(C)(C)NS(=O)(=O)c1cncc(-c2ccc3nc(NC(=O)NCC(=O)N4CCOCC4)nn3c2)c1,CC(C)(C)NS(=O)(=O)c1cncc(-c2ccc3nc(NC(=O)NCC(=O)N4CCOCC4)nn3c2)c1,YYHMQTWHCVOTAO-UHFFFAOYSA-N,,,False,
TDC_Hepatocyte_AZ,in_vitro_CLint,human,hepatocyte,µL/min/10^6 cells,5.25,0.7201593034059569,NC(=O)N1c2ccccc2C=Cc2ccccc21,NC(=O)N1c2ccccc2C=Cc2ccccc21,FFGPTBGBLSHEPO-UHFFFAOYSA-N,,,False,
TDC_Hepatocyte_AZ,in_vitro_CLint,human,hepatocyte,µL/min/10^6 cells,5.5,0.7403626894942439,O=C(Nc1ncc(F)s1)C(CC1CCOCC1)c1ccc(S(=O)(=O)C2CC2)cc1,O=C(Nc1ncc(F)s1)C(CC1CCOCC1)c1ccc(S(=O)(=O)C2CC2)cc1,DBMFNEZMJWKKPU-UHFFFAOYSA-N,,,False,
TDC_Hepatocyte_AZ,in_vitro_CLint,human,hepatocyte,µL/min/10^6 cells,38.02,1.5800121125294244,COc1ccc(-c2ccc3c(N4CCOC[C@@H]4C)nc(N4CCOC[C@@H]4C)nc3n2)cc1C(C)O,COc1ccc(-c2ccc3c(N4CCOC[C@@H]4C)nc(N4CCOC[C@@H]4C)nc3n2)cc1C(C)O,CFCQWFUOZMHDHH-UBFHEZILSA-N,,,False,
TDC_Hepatocyte_AZ,in_vitro_CLint,human,hepatocyte,µL/min/10^6 cells,150.0,2.1760912590556813,Cc1ccc(CNC(=O)C2CCCN2S(=O)(=O)c2ccc(F)cc2)cc1,Cc1ccc(CNC(=O)C2CCCN2S(=O)(=O)c2ccc(F)cc2)cc1,ASYUPMRGDBGEFR-UHFFFAOYSA-N,,,False,
TDC_Hepatocyte_AZ,in_vitro_CLint,human,hepatocyte,µL/min/10^6 cells,150.0,2.1760912590556813,CC(C)(C)c1csc(N2CCN(C(=O)[C@@H]3CCCC[C@H]3C(=O)NC3(C#N)CC3)CC2)n1,CC(C)(C)c1csc(N2CCN(C(=O)[C@@H]3CCCC[C@H]3C(=O)NC3(C#N)CC3)CC2)n1,JRNCUKITPWCDPD-IAGOWNOFSA-N,,,False,
TDC_Hepatocyte_AZ,in_vitro_CLint,human,hepatocyte,µL/min/10^6 cells,150.0,2.1760912590556813,CCCCN(CCNC[C@H](O)c1ccc(O)c2[nH]c(=O)sc12)C(=O)CCOCCc1ccccc1,CCCCN(CCNC[C@H](O)c1ccc(O)c2[nH]c(=O)sc12)C(=O)CCOCCc1ccccc1,SEPMRQHFLHXBBG-QFIPXVFZSA-N,,,False,
TDC_Hepatocyte_AZ,in_vitro_CLint,human,hepatocyte,µL/min/10^6 cells,12.0,1.0791812460476249,CC(C)(C)NCC(O)c1ccc(O)c(CO)c1,CC(C)(C)NCC(O)c1ccc(O)c(CO)c1,NDAUXUAQIAJITI-UHFFFAOYSA-N,,,False,
TDC_Hepatocyte_AZ,in_vitro_CLint,human,hepatocyte,µL/min/10^6 cells,24.55,1.3900514964589872,FC(F)(F)Oc1ccc(-c2nnc(CCCCc3ccc4cccnc4n3)o2)cc1Cl,FC(F)(F)Oc1ccc(-c2nnc(CCCCc3ccc4cccnc4n3)o2)cc1Cl,SCIJCWVEPLKBGV-UHFFFAOYSA-N,,,True,
TDC_Hepatocyte_AZ,in_vitro_CLint,human,hepatocyte,µL/min/10^6 cells,26.0,1.414973347970818,COc1ccc(CC(=O)NC(N/C(=N/C#N)Nc2ccccc2C)C(C)(C)C)cc1OC,COc1ccc(CC(=O)NC(N/C(=N/C#N)Nc2ccccc2C)C(C)(C)C)cc1OC,UBYBLIILTZTSFV-UHFFFAOYSA-N,,,False,
TDC_Hepatocyte_AZ,in_vitro_CLint,human,hepatocyte,µL/min/10^6 cells,26.92,1.4300750555519393,CCOc1ccc(NC(C)=O)cc1,CCOc1ccc(NC(C)=O)cc1,CPJSUEIXXCENMM-UHFFFAOYSA-N,,,False,
TDC_Hepatocyte_AZ,in_vitro_CLint,human,hepatocyte,µL/min/10^6 cells,28.0,1.4471580313422192,O=C(O)[C@H](Cc1ccccc1)N1CCC(CN2CCC(Oc3ccc(CO)c(Cl)c3)CC2)CC1,O=C(O)[C@H](Cc1ccccc1)N1CCC(CN2CCC(Oc3ccc(CO)c(Cl)c3)CC2)CC1,VDHDXBKDWKOEOB-SANMLTNESA-N,,,False,
TDC_Hepatocyte_AZ,in_vitro_CLint,human,hepatocyte,µL/min/10^6 cells,29.51,1.4699692094999595,CC(C)c1nc2ccc(-c3ccc(F)cc3)cc2c(=O)n1C[C@H]1CCCN(C(C)C)C1,CC(C)c1nc2ccc(-c3ccc(F)cc3)cc2c(=O)n1C[C@H]1CCCN(C(C)C)C1,MGZJKYTZNDZWJI-IBGZPJMESA-N,,,False,
TDC_Hepatocyte_AZ,in_vitro_CLint,human,hepatocyte,µL/min/10^6 cells,30.72,1.4874212113594745,NCCCCN(Cc1nc2ccccc2[nH]1)C1CCCc2cccnc21,NCCCCN(Cc1nc2ccccc2[nH]1)C1CCCc2cccnc21,WVLHHLRVNDMIAR-UHFFFAOYSA-N,,,False,
TDC_Hepatocyte_AZ,in_vitro_CLint,human,hepatocyte,µL/min/10^6 cells,37.0,1.568201724066995,CC(C)(Cc1cccc(CC(=O)NCc2cccc(-c3ccc(O)cc3)c2)c1)NC[C@H](O)c1ccc(O)c(NS(C)(=O)=O)c1,CC(C)(Cc1cccc(CC(=O)NCc2cccc(-c3ccc(O)cc3)c2)c1)NC[C@H](O)c1ccc(O)c(NS(C)(=O)=O)c1,YPHDIMUXXABSSO-YTTGMZPUSA-N,,,False,
TDC_Hepatocyte_AZ,in_vitro_CLint,human,hepatocyte,µL/min/10^6 cells,104.71,2.019988159591285,COc1ccc(CCN(C)CCCC(C#N)(c2ccc(OC)c(OC)c2)C(C)C)cc1OC,COc1ccc(CCN(C)CCCC(C#N)(c2ccc(OC)c(OC)c2)C(C)C)cc1OC,SGTNSNPWRIOYBX-UHFFFAOYSA-N,,,False,
TDC_Hepatocyte_AZ,in_vitro_CLint,human,hepatocyte,µL/min/10^6 cells,108.0,2.03342375548695,Cc1c[nH]c(-c2cnc(NCCNc3ccc(C#N)cn3)nc2-c2ccc(Cl)cc2Cl)n1,Cc1c[nH]c(-c2cnc(NCCNc3ccc(C#N)cn3)nc2-c2ccc(Cl)cc2Cl)n1,AQGNHMOJWBZFQQ-UHFFFAOYSA-N,,,False,
TDC_Hepatocyte_AZ,in_vitro_CLint,human,hepatocyte,µL/min/10^6 cells,120.23,2.0800128471079278,COc1ccc2nc(C)cc(OCC(=O)NCc3ccccc3)c2c1,COc1ccc2nc(C)cc(OCC(=O)NCc3ccccc3)c2c1,TVFKOQNEHZEDOF-UHFFFAOYSA-N,,,False,
TDC_Hepatocyte_AZ,in_vitro_CLint,human,hepatocyte,µL/min/10^6 cells,128.82,2.109983294819892,Cc1cc(C)c(CNC(=O)c2cc(C3CC3)nc3c2cnn3C(C)C)c(O)n1,Cc1cc(C)c(CNC(=O)c2cc(C3CC3)nc3c2cnn3C(C)C)c(O)n1,HNHUNRACMOTTER-UHFFFAOYSA-N,,,False,
TDC_Hepatocyte_AZ,in_vitro_CLint,human,hepatocyte,µL/min/10^6 cells,138.04,2.140004950619449,COc1cc(C(=O)OCCCCNC(=N)N)cc(OC)c1O,COc1cc(C(=O)OCCCCNC(=N)N)cc(OC)c1O,WNGSUWLDMZFYNZ-UHFFFAOYSA-N,,,False,
TDC_Hepatocyte_AZ,in_vitro_CLint,human,hepatocyte,µL/min/10^6 cells,141.25,2.149988456491476,Cc1cc(C)nc(SCC(=O)Nc2cc(C)on2)n1,Cc1cc(C)nc(SCC(=O)Nc2cc(C)on2)n1,HZJYOKODVJEGCS-UHFFFAOYSA-N,,,False,
TDC_Hepatocyte_AZ,in_vitro_CLint,human,hepatocyte,µL/min/10^6 cells,144.54,2.159988050381987,CC(C)Nc1nc(NCc2ccccc2)c2sccc2n1,CC(C)Nc1nc(NCc2ccccc2)c2sccc2n1,ZVUXQIAPOAVHSE-UHFFFAOYSA-N,,,False,
TDC_Hepatocyte_AZ,in_vitro_CLint,human,hepatocyte,µL/min/10^6 cells,13.8,1.1398790864012365,CN(C)C(=O)C(CCN1CCC(O)(c2ccc(Cl)cc2)CC1)(c1ccccc1)c1ccccc1,CN(C)C(=O)C(CCN1CCC(O)(c2ccc(Cl)cc2)CC1)(c1ccccc1)c1ccccc1,RDOIQAHITMMDAJ-UHFFFAOYSA-N,,,False,
TDC_Hepatocyte_AZ,in_vitro_CLint,human,hepatocyte,µL/min/10^6 cells,14.45,1.1598678470925667,COc1ccc(Cl)cc1C(=O)NCCc1ccc(S(=O)(=O)NC(=O)NC2CCCCC2)cc1,COc1ccc(Cl)cc1C(=O)NCCc1ccc(S(=O)(=O)NC(=O)NC2CCCCC2)cc1,ZNNLBTZKUZBEKO-UHFFFAOYSA-N,,,False,
TDC_Hepatocyte_AZ,in_vitro_CLint,human,hepatocyte,µL/min/10^6 cells,150.0,2.1760912590556813,CCCc1nn(C)c2c(=O)[nH]c(-c3cc(S(=O)(=O)N4CCN(C)CC4)ccc3OCC)nc12,CCCc1nn(C)c2c(=O)[nH]c(-c3cc(S(=O)(=O)N4CCN(C)CC4)ccc3OCC)nc12,BNRNXUUZRGQAQC-UHFFFAOYSA-N,,,False,
TDC_Hepatocyte_AZ,in_vitro_CLint,human,hepatocyte,µL/min/10^6 cells,150.0,2.1760912590556813,N#Cc1ccc(Cl)cc1S[C@H](CCN)c1ccccc1,N#Cc1ccc(Cl)cc1S[C@H](CCN)c1ccccc1,OLZXHHOEVBLJLQ-OAHLLOKOSA-N,,,False,
TDC_Hepatocyte_AZ,in_vitro_CLint,human,hepatocyte,µL/min/10^6 cells,150.0,2.1760912590556813,CCOC(=O)c1cnc2c(N)cccc2c1O,CCOC(=O)c1cnc2c(N)cccc2c1O,MWDVCRZYDCOMAK-UHFFFAOYSA-N,,,False,
TDC_Hepatocyte_AZ,in_vitro_CLint,human,hepatocyte,µL/min/10^6 cells,150.0,2.1760912590556813,COc1cnc(-c2ccccn2)nc1N(C)c1ccccc1,COc1cnc(-c2ccccn2)nc1N(C)c1ccccc1,FLLGZHLDRRHIKJ-UHFFFAOYSA-N,,,False,
TDC_Hepatocyte_AZ,in_vitro_CLint,human,hepatocyte,µL/min/10^6 cells,150.0,2.1760912590556813,O=C(Nc1cccc(CCO)c1)c1cc2cc(Cl)ccc2[nH]1,O=C(Nc1cccc(CCO)c1)c1cc2cc(Cl)ccc2[nH]1,VRXWVOGQHOAHKW-UHFFFAOYSA-N,,,False,
TDC_Hepatocyte_AZ,in_vitro_CLint,human,hepatocyte,µL/min/10^6 cells,14.45,1.1598678470925667,CC(C)(N)C(=O)N[C@H](COCc1ccccc1)C(=O)N1CCC2(CC1)CN(S(C)(=O)=O)c1ccccc12,CC(C)(N)C(=O)N[C@H](COCc1ccccc1)C(=O)N1CCC2(CC1)CN(S(C)(=O)=O)c1ccccc12,UMUPQWIGCOZEOY-JOCHJYFZSA-N,,,False,
TDC_Hepatocyte_AZ,in_vitro_CLint,human,hepatocyte,µL/min/10^6 cells,14.79,1.1699681739968923,Clc1cccc(-c2cnc3ccc(NC4CCOCC4)nn23)c1,Clc1cccc(-c2cnc3ccc(NC4CCOCC4)nn23)c1,OEIWNDGDGDPXIO-UHFFFAOYSA-N,,,False,
TDC_Hepatocyte_AZ,in_vitro_CLint,human,hepatocyte,µL/min/10^6 cells,12.88,1.1099158630237933,CCc1cccc2c3c([nH]c12)C(CC)(CC(=O)O)OCC3,CCc1cccc2c3c([nH]c12)C(CC)(CC(=O)O)OCC3,NNYBQONXHNTVIJ-UHFFFAOYSA-N,,,False,
TDC_Hepatocyte_AZ,in_vitro_CLint,human,hepatocyte,µL/min/10^6 cells,15.0,1.1760912590556813,Cc1cc(CN2Cc3ccccc3C2C(=O)Nc2ccc(Cl)cc2Cl)ccc1OCC(=O)O,Cc1cc(CN2Cc3ccccc3C2C(=O)Nc2ccc(Cl)cc2Cl)ccc1OCC(=O)O,MRCUMHGGUAFXSG-UHFFFAOYSA-N,,,False,
TDC_Hepatocyte_AZ,in_vitro_CLint,human,hepatocyte,µL/min/10^6 cells,15.0,1.1760912590556813,N#Cc1ccc(OC2CCN(C[C@H](O)CNC(=O)c3c[nH]c(=O)c4ccccc34)CC2)cc1Cl,N#Cc1ccc(OC2CCN(C[C@H](O)CNC(=O)c3c[nH]c(=O)c4ccccc34)CC2)cc1Cl,PREVLKLSVWYCAY-QGZVFWFLSA-N,,,False,
TDC_Hepatocyte_AZ,in_vitro_CLint,human,hepatocyte,µL/min/10^6 cells,20.0,1.3010299956639813,COc1cccc2c1c(NS(=O)(=O)c1ccc(Cl)s1)nn2Cc1cccc(CNC(=O)[C@@H]2COCCN2)c1,COc1cccc2c1c(NS(=O)(=O)c1ccc(Cl)s1)nn2Cc1cccc(CNC(=O)[C@@H]2COCCN2)c1,BRKCAVQLAJCUTK-SFHVURJKSA-N,,,False,
TDC_Hepatocyte_AZ,in_vitro_CLint,human,hepatocyte,µL/min/10^6 cells,12.59,1.1000257301078626,CO[C@H]1CC[C@]2(CC1)Cc1ccc(-c3cc(Cl)cc(C#N)c3)cc1C21N=C(C)C(N)=N1,CO[C@H]1CC[C@]2(CC1)Cc1ccc(-c3cc(Cl)cc(C#N)c3)cc1C21N=C(C)C(N)=N1,MQWMIBOBCNOFGX-TYRCWPPYSA-N,,,False,
TDC_Hepatocyte_AZ,in_vitro_CLint,human,hepatocyte,µL/min/10^6 cells,31.0,1.4913616938342726,COc1ccc(COc2nc(Br)cnc2NS(=O)(=O)c2ccc(C)cc2)cc1OCCN(C)C,COc1ccc(COc2nc(Br)cnc2NS(=O)(=O)c2ccc(C)cc2)cc1OCCN(C)C,RNYPICBYZMHNQT-UHFFFAOYSA-N,,,False,
